<?xml version="1.0" encoding="UTF-8"?>
<osm version="0.6" generator="openstreetmap-cgimap 2.1.0 (2942773 spike-08.openstreetmap.org)" copyright="OpenStreetMap and contributors" attribution="http://www.openstreetmap.org/copyright" license="http://opendatacommons.org/licenses/odbl/1-0/">
 <bounds minlat="17.9954940" minlon="79.5495240" maxlat="17.9977440" maxlon="79.5530160"/>
 <node id="660696063" visible="true" version="4" changeset="89975312" timestamp="2020-08-26T13:28:49Z" user="v_ravali" uid="11621703" lat="17.9922011" lon="79.5380913"/>
 <node id="660696087" visible="true" version="3" changeset="89975312" timestamp="2020-08-26T13:28:49Z" user="v_ravali" uid="11621703" lat="17.9930052" lon="79.5397729"/>
 <node id="660696090" visible="true" version="4" changeset="89974198" timestamp="2020-08-26T13:01:59Z" user="v_ravali" uid="11621703" lat="17.9950564" lon="79.5473302"/>
 <node id="660703704" visible="true" version="3" changeset="91789349" timestamp="2020-09-30T21:35:45Z" user="Srikar Rao" uid="11468036" lat="17.9926263" lon="79.5560319"/>
 <node id="660703705" visible="true" version="3" changeset="91789349" timestamp="2020-09-30T21:35:45Z" user="Srikar Rao" uid="11468036" lat="17.9922849" lon="79.5565934"/>
 <node id="660703706" visible="true" version="3" changeset="91789349" timestamp="2020-09-30T21:35:45Z" user="Srikar Rao" uid="11468036" lat="17.9913894" lon="79.5606579"/>
 <node id="660703726" visible="true" version="4" changeset="91789349" timestamp="2020-09-30T21:35:45Z" user="Srikar Rao" uid="11468036" lat="17.9961293" lon="79.5517613"/>
 <node id="1175557583" visible="true" version="3" changeset="91789349" timestamp="2020-09-30T21:35:45Z" user="Srikar Rao" uid="11468036" lat="17.9907250" lon="79.5614213"/>
 <node id="1338511222" visible="true" version="5" changeset="89974198" timestamp="2020-08-26T13:01:59Z" user="v_ravali" uid="11621703" lat="17.9942944" lon="79.5436533"/>
 <node id="1338511223" visible="true" version="4" changeset="89974198" timestamp="2020-08-26T13:01:59Z" user="v_ravali" uid="11621703" lat="17.9943277" lon="79.5438182"/>
 <node id="1338511226" visible="true" version="6" changeset="89975312" timestamp="2020-08-26T13:28:49Z" user="v_ravali" uid="11621703" lat="17.9942015" lon="79.5433872"/>
 <node id="1338513042" visible="true" version="3" changeset="22185533" timestamp="2014-05-07T11:25:49Z" user="sravani@hul" uid="2055943" lat="17.9992332" lon="79.5493632"/>
 <node id="1339244586" visible="true" version="2" changeset="91789349" timestamp="2020-09-30T21:35:45Z" user="Srikar Rao" uid="11468036" lat="17.9968766" lon="79.5509982"/>
 <node id="1339244588" visible="true" version="4" changeset="91789349" timestamp="2020-09-30T21:35:45Z" user="Srikar Rao" uid="11468036" lat="17.9967389" lon="79.5518276"/>
 <node id="1339244590" visible="true" version="3" changeset="91789349" timestamp="2020-09-30T21:35:45Z" user="Srikar Rao" uid="11468036" lat="17.9970015" lon="79.5508747"/>
 <node id="1339267610" visible="true" version="3" changeset="91789349" timestamp="2020-09-30T21:35:45Z" user="Srikar Rao" uid="11468036" lat="17.9965612" lon="79.5513642"/>
 <node id="1339267611" visible="true" version="3" changeset="91789349" timestamp="2020-09-30T21:35:45Z" user="Srikar Rao" uid="11468036" lat="17.9967491" lon="79.5511584"/>
 <node id="1339328919" visible="true" version="2" changeset="91789349" timestamp="2020-09-30T21:35:45Z" user="Srikar Rao" uid="11468036" lat="17.9968594" lon="79.5509331"/>
 <node id="1339328921" visible="true" version="4" changeset="91789349" timestamp="2020-09-30T21:35:45Z" user="Srikar Rao" uid="11468036" lat="17.9966830" lon="79.5513362"/>
 <node id="1339328922" visible="true" version="3" changeset="91789349" timestamp="2020-09-30T21:35:45Z" user="Srikar Rao" uid="11468036" lat="17.9966509" lon="79.5510638"/>
 <node id="1339328924" visible="true" version="2" changeset="89974036" timestamp="2020-08-26T12:58:09Z" user="v_ravali" uid="11621703" lat="17.9967230" lon="79.5510055"/>
 <node id="1339328931" visible="true" version="3" changeset="89974198" timestamp="2020-08-26T13:01:59Z" user="v_ravali" uid="11621703" lat="17.9965661" lon="79.5510168"/>
 <node id="1339328932" visible="true" version="2" changeset="91789349" timestamp="2020-09-30T21:35:45Z" user="Srikar Rao" uid="11468036" lat="17.9964013" lon="79.5515847"/>
 <node id="1339328933" visible="true" version="3" changeset="91789349" timestamp="2020-09-30T21:35:45Z" user="Srikar Rao" uid="11468036" lat="17.9965502" lon="79.5515889"/>
 <node id="1339328934" visible="true" version="3" changeset="91789349" timestamp="2020-09-30T21:35:45Z" user="Srikar Rao" uid="11468036" lat="17.9965075" lon="79.5515768"/>
 <node id="1339328935" visible="true" version="3" changeset="91789349" timestamp="2020-09-30T21:35:45Z" user="Srikar Rao" uid="11468036" lat="17.9962606" lon="79.5515808"/>
 <node id="1339328936" visible="true" version="2" changeset="89974036" timestamp="2020-08-26T12:58:09Z" user="v_ravali" uid="11621703" lat="17.9963932" lon="79.5511544"/>
 <node id="1339329758" visible="true" version="2" changeset="38980104" timestamp="2016-04-29T12:46:20Z" user="ravikumar1" uid="2996436" lat="17.9981370" lon="79.5502544"/>
 <node id="1339329760" visible="true" version="1" changeset="8548632" timestamp="2011-06-26T05:36:38Z" user="FlankerH" uid="282938" lat="17.9984992" lon="79.5500386"/>
 <node id="1339369477" visible="true" version="2" changeset="94794485" timestamp="2020-11-25T19:14:51Z" user="dalip123" uid="5717498" lat="17.9960438" lon="79.5506608">
  <tag k="addr:city" v="warangal"/>
  <tag k="addr:postcode" v="506004"/>
  <tag k="addr:street" v="Hunter Road"/>
  <tag k="name" v="Spencer's Super Market"/>
  <tag k="organic" v="yes"/>
  <tag k="shop" v="supermarket"/>
  <tag k="website" v="https://www.spencers.in/"/>
 </node>
 <node id="1339370694" visible="true" version="1" changeset="8548665" timestamp="2011-06-26T06:12:02Z" user="FlankerH" uid="282938" lat="17.9972220" lon="79.5507321"/>
 <node id="1339370695" visible="true" version="2" changeset="38980104" timestamp="2016-04-29T12:46:20Z" user="ravikumar1" uid="2996436" lat="18.0001689" lon="79.5520098"/>
 <node id="1339370698" visible="true" version="1" changeset="8548665" timestamp="2011-06-26T06:12:02Z" user="FlankerH" uid="282938" lat="17.9986880" lon="79.5513849"/>
 <node id="1339371941" visible="true" version="3" changeset="122315353" timestamp="2022-06-13T09:23:46Z" user="Giza_Up" uid="13196817" lat="17.9965896" lon="79.5512459">
  <tag k="name" v="Adalat Circle"/>
 </node>
 <node id="1339371950" visible="true" version="2" changeset="89974198" timestamp="2020-08-26T13:01:59Z" user="v_ravali" uid="11621703" lat="17.9952634" lon="79.5480925"/>
 <node id="1339395185" visible="true" version="2" changeset="38980104" timestamp="2016-04-29T12:46:20Z" user="ravikumar1" uid="2996436" lat="17.9942902" lon="79.5500568"/>
 <node id="1339395188" visible="true" version="1" changeset="8548913" timestamp="2011-06-26T07:02:27Z" user="FlankerH" uid="282938" lat="17.9936572" lon="79.5514279"/>
 <node id="1339395190" visible="true" version="4" changeset="130067578" timestamp="2022-12-14T09:51:34Z" user="Manishakoyyala" uid="17974132" lat="17.9951094" lon="79.5475548"/>
 <node id="1339395194" visible="true" version="1" changeset="8548913" timestamp="2011-06-26T07:02:27Z" user="FlankerH" uid="282938" lat="17.9941851" lon="79.5504190"/>
 <node id="1339395195" visible="true" version="2" changeset="91789349" timestamp="2020-09-30T21:35:45Z" user="Srikar Rao" uid="11468036" lat="17.9954517" lon="79.5525745"/>
 <node id="1339395202" visible="true" version="3" changeset="91789349" timestamp="2020-09-30T21:35:45Z" user="Srikar Rao" uid="11468036" lat="17.9963039" lon="79.5504404"/>
 <node id="1339395204" visible="true" version="1" changeset="8548913" timestamp="2011-06-26T07:02:27Z" user="FlankerH" uid="282938" lat="17.9940782" lon="79.5501109"/>
 <node id="1339395213" visible="true" version="2" changeset="94741136" timestamp="2020-11-25T02:51:01Z" user="VLD140" uid="10769043" lat="17.9960654" lon="79.5504918"/>
 <node id="1339395215" visible="true" version="3" changeset="122223935" timestamp="2022-06-10T18:51:26Z" user="Sunil0435" uid="16249890" lat="17.9949940" lon="79.5475944"/>
 <node id="1339395216" visible="true" version="1" changeset="8548913" timestamp="2011-06-26T07:02:28Z" user="FlankerH" uid="282938" lat="17.9944327" lon="79.5511328"/>
 <node id="1339395222" visible="true" version="3" changeset="89974198" timestamp="2020-08-26T13:01:59Z" user="v_ravali" uid="11621703" lat="17.9958847" lon="79.5495811"/>
 <node id="1339396783" visible="true" version="2" changeset="91789349" timestamp="2020-09-30T21:35:45Z" user="Srikar Rao" uid="11468036" lat="17.9945881" lon="79.5536278"/>
 <node id="1339400209" visible="true" version="1" changeset="8548913" timestamp="2011-06-26T07:19:53Z" user="FlankerH" uid="282938" lat="17.9965297" lon="79.5498185"/>
 <node id="1339400210" visible="true" version="1" changeset="8548913" timestamp="2011-06-26T07:19:53Z" user="FlankerH" uid="282938" lat="17.9974534" lon="79.5488685"/>
 <node id="1339400212" visible="true" version="2" changeset="94741751" timestamp="2020-11-25T03:16:47Z" user="VLD140" uid="10769043" lat="17.9981265" lon="79.5484936"/>
 <node id="1339400214" visible="true" version="2" changeset="89974036" timestamp="2020-08-26T12:58:09Z" user="v_ravali" uid="11621703" lat="17.9961654" lon="79.5501411"/>
 <node id="1339400215" visible="true" version="1" changeset="8548913" timestamp="2011-06-26T07:19:54Z" user="FlankerH" uid="282938" lat="17.9971776" lon="79.5495074"/>
 <node id="1339400216" visible="true" version="1" changeset="8548913" timestamp="2011-06-26T07:19:54Z" user="FlankerH" uid="282938" lat="17.9950323" lon="79.5509012"/>
 <node id="1339400217" visible="true" version="3" changeset="89974198" timestamp="2020-08-26T13:01:59Z" user="v_ravali" uid="11621703" lat="17.9959550" lon="79.5497346"/>
 <node id="1339400218" visible="true" version="1" changeset="8548913" timestamp="2011-06-26T07:19:54Z" user="FlankerH" uid="282938" lat="17.9966700" lon="79.5497300"/>
 <node id="1339400219" visible="true" version="2" changeset="38980104" timestamp="2016-04-29T12:46:20Z" user="ravikumar1" uid="2996436" lat="17.9946775" lon="79.5499503"/>
 <node id="1339400220" visible="true" version="2" changeset="89974036" timestamp="2020-08-26T12:58:09Z" user="v_ravali" uid="11621703" lat="17.9962095" lon="79.5501096"/>
 <node id="1339400222" visible="true" version="1" changeset="8548913" timestamp="2011-06-26T07:19:54Z" user="FlankerH" uid="282938" lat="17.9946672" lon="79.5510423"/>
 <node id="1339400223" visible="true" version="1" changeset="8548913" timestamp="2011-06-26T07:19:54Z" user="FlankerH" uid="282938" lat="17.9964687" lon="79.5499923"/>
 <node id="1339400224" visible="true" version="1" changeset="8548913" timestamp="2011-06-26T07:19:54Z" user="FlankerH" uid="282938" lat="17.9964353" lon="79.5494806"/>
 <node id="1339400225" visible="true" version="4" changeset="38753323" timestamp="2016-04-21T10:21:31Z" user="anushap" uid="2901769" lat="17.9983066" lon="79.5483887"/>
 <node id="1339400226" visible="true" version="1" changeset="8548913" timestamp="2011-06-26T07:19:54Z" user="FlankerH" uid="282938" lat="17.9976442" lon="79.5492377"/>
 <node id="1339400228" visible="true" version="2" changeset="38754150" timestamp="2016-04-21T11:00:38Z" user="anushap" uid="2901769" lat="17.9968577" lon="79.5496912"/>
 <node id="1339400229" visible="true" version="1" changeset="8548913" timestamp="2011-06-26T07:19:54Z" user="FlankerH" uid="282938" lat="17.9964636" lon="79.5499467"/>
 <node id="1339401382" visible="true" version="1" changeset="8548913" timestamp="2011-06-26T07:23:09Z" user="FlankerH" uid="282938" lat="17.9962646" lon="79.5495658"/>
 <node id="1339401383" visible="true" version="1" changeset="8548913" timestamp="2011-06-26T07:23:09Z" user="FlankerH" uid="282938" lat="17.9963536" lon="79.5497622"/>
 <node id="1339401384" visible="true" version="1" changeset="8548913" timestamp="2011-06-26T07:23:09Z" user="FlankerH" uid="282938" lat="17.9969610" lon="79.5500782"/>
 <node id="1339401385" visible="true" version="1" changeset="8548913" timestamp="2011-06-26T07:23:09Z" user="FlankerH" uid="282938" lat="17.9964939" lon="79.5500599"/>
 <node id="1339401386" visible="true" version="1" changeset="8548913" timestamp="2011-06-26T07:23:09Z" user="FlankerH" uid="282938" lat="17.9973715" lon="79.5499178"/>
 <node id="1339401396" visible="true" version="1" changeset="8548913" timestamp="2011-06-26T07:23:09Z" user="FlankerH" uid="282938" lat="17.9968001" lon="79.5501297"/>
 <node id="1339401397" visible="true" version="1" changeset="8548913" timestamp="2011-06-26T07:23:09Z" user="FlankerH" uid="282938" lat="17.9965654" lon="79.5501324"/>
 <node id="1339404831" visible="true" version="2" changeset="115331832" timestamp="2021-12-24T11:13:27Z" user="Jobigutenburg" uid="10504312" lat="17.9966471" lon="79.5499522">
  <tag k="amenity" v="place_of_worship"/>
  <tag k="name" v="Masjid-e-Khurd"/>
  <tag k="religion" v="muslim"/>
 </node>
 <node id="1339405085" visible="true" version="1" changeset="8548913" timestamp="2011-06-26T07:36:27Z" user="FlankerH" uid="282938" lat="17.9974863" lon="79.5501592"/>
 <node id="1339405086" visible="true" version="3" changeset="91789349" timestamp="2020-09-30T21:35:45Z" user="Srikar Rao" uid="11468036" lat="17.9964334" lon="79.5507331"/>
 <node id="1339405087" visible="true" version="1" changeset="8548913" timestamp="2011-06-26T07:36:27Z" user="FlankerH" uid="282938" lat="17.9979881" lon="79.5499190"/>
 <node id="1339405088" visible="true" version="1" changeset="8548913" timestamp="2011-06-26T07:36:27Z" user="FlankerH" uid="282938" lat="17.9969761" lon="79.5504301"/>
 <node id="1339405089" visible="true" version="1" changeset="8548913" timestamp="2011-06-26T07:36:27Z" user="FlankerH" uid="282938" lat="17.9966215" lon="79.5506152"/>
 <node id="1339405090" visible="true" version="1" changeset="8548913" timestamp="2011-06-26T07:36:27Z" user="FlankerH" uid="282938" lat="17.9974353" lon="79.5500465"/>
 <node id="1339405091" visible="true" version="1" changeset="8548913" timestamp="2011-06-26T07:36:27Z" user="FlankerH" uid="282938" lat="17.9977490" lon="79.5500358"/>
 <node id="1339405209" visible="true" version="1" changeset="8548913" timestamp="2011-06-26T07:36:50Z" user="FlankerH" uid="282938" lat="17.9977570" lon="79.5504566"/>
 <node id="1339405210" visible="true" version="1" changeset="8548913" timestamp="2011-06-26T07:36:50Z" user="FlankerH" uid="282938" lat="17.9981024" lon="79.5511242"/>
 <node id="1339415583" visible="true" version="3" changeset="89974036" timestamp="2020-08-26T12:58:09Z" user="v_ravali" uid="11621703" lat="17.9974283" lon="79.5533885"/>
 <node id="1339417922" visible="true" version="6" changeset="95342928" timestamp="2020-12-05T17:50:57Z" user="VLD110" uid="9153383" lat="17.9858223" lon="79.5241680"/>
 <node id="1339417925" visible="true" version="2" changeset="179160740" timestamp="2026-02-28T07:45:33Z" user="snehal12" uid="23778472" lat="17.9969962" lon="79.5517660">
  <tag k="barrier" v="gate"/>
 </node>
 <node id="1339417935" visible="true" version="1" changeset="8549220" timestamp="2011-06-26T08:14:35Z" user="FlankerH" uid="282938" lat="17.9972161" lon="79.5524144">
  <tag k="barrier" v="gate"/>
 </node>
 <node id="1339450593" visible="true" version="1" changeset="8549611" timestamp="2011-06-26T09:13:27Z" user="Bethi Rohit" uid="477098" lat="17.9968677" lon="79.5492206"/>
 <node id="1339450598" visible="true" version="2" changeset="89974198" timestamp="2020-08-26T13:01:59Z" user="v_ravali" uid="11621703" lat="17.9954666" lon="79.5486834"/>
 <node id="1339454303" visible="true" version="2" changeset="38754150" timestamp="2016-04-21T11:00:38Z" user="anushap" uid="2901769" lat="17.9965847" lon="79.5493923"/>
 <node id="1339454312" visible="true" version="2" changeset="40390495" timestamp="2016-06-30T12:05:30Z" user="sampath reddy" uid="2905734" lat="17.9994407" lon="79.5516984"/>
 <node id="1339454320" visible="true" version="1" changeset="8549611" timestamp="2011-06-26T09:21:53Z" user="Bethi Rohit" uid="477098" lat="17.9988448" lon="79.5497177"/>
 <node id="1341925508" visible="true" version="4" changeset="182123239" timestamp="2026-05-02T15:41:48Z" user="Vandanagiri" uid="23957201" lat="17.9933987" lon="79.5407818"/>
 <node id="1347551003" visible="true" version="2" changeset="89974198" timestamp="2020-08-26T13:01:59Z" user="v_ravali" uid="11621703" lat="17.9953479" lon="79.5483548"/>
 <node id="1507776409" visible="true" version="2" changeset="91789349" timestamp="2020-09-30T21:35:45Z" user="Srikar Rao" uid="11468036" lat="17.9950766" lon="79.5531884"/>
 <node id="1507776420" visible="true" version="5" changeset="91789349" timestamp="2020-09-30T21:35:45Z" user="Srikar Rao" uid="11468036" lat="17.9921170" lon="79.5570034"/>
 <node id="1882745319" visible="true" version="3" changeset="89975312" timestamp="2020-08-26T13:28:49Z" user="v_ravali" uid="11621703" lat="17.9896262" lon="79.5327358"/>
 <node id="2434900007" visible="true" version="4" changeset="91789349" timestamp="2020-09-30T21:35:45Z" user="Srikar Rao" uid="11468036" lat="17.9893458" lon="79.5648236"/>
 <node id="2434900013" visible="true" version="2" changeset="91789349" timestamp="2020-09-30T21:35:45Z" user="Srikar Rao" uid="11468036" lat="17.9901706" lon="79.5627438"/>
 <node id="2434900018" visible="true" version="2" changeset="91789349" timestamp="2020-09-30T21:35:45Z" user="Srikar Rao" uid="11468036" lat="17.9905947" lon="79.5615984"/>
 <node id="2434900024" visible="true" version="2" changeset="91789349" timestamp="2020-09-30T21:35:45Z" user="Srikar Rao" uid="11468036" lat="17.9911824" lon="79.5610367"/>
 <node id="2434900027" visible="true" version="2" changeset="91789349" timestamp="2020-09-30T21:35:45Z" user="Srikar Rao" uid="11468036" lat="17.9915990" lon="79.5591516"/>
 <node id="2434979048" visible="true" version="2" changeset="91789349" timestamp="2020-09-30T21:35:45Z" user="Srikar Rao" uid="11468036" lat="17.9894260" lon="79.5648544"/>
 <node id="2434979100" visible="true" version="2" changeset="91789349" timestamp="2020-09-30T21:35:45Z" user="Srikar Rao" uid="11468036" lat="17.9930126" lon="79.5555632"/>
 <node id="2713881421" visible="true" version="2" changeset="89975312" timestamp="2020-08-26T13:28:49Z" user="v_ravali" uid="11621703" lat="17.9938639" lon="79.5422697"/>
 <node id="2838273300" visible="true" version="3" changeset="95342928" timestamp="2020-12-05T17:50:57Z" user="VLD110" uid="9153383" lat="17.9860552" lon="79.5246518"/>
 <node id="2841454611" visible="true" version="2" changeset="89975312" timestamp="2020-08-26T13:28:49Z" user="v_ravali" uid="11621703" lat="17.9899559" lon="79.5334117"/>
 <node id="2841454649" visible="true" version="4" changeset="89975312" timestamp="2020-08-26T13:28:49Z" user="v_ravali" uid="11621703" lat="17.9918716" lon="79.5374349"/>
 <node id="2841454669" visible="true" version="3" changeset="89975312" timestamp="2020-08-26T13:28:49Z" user="v_ravali" uid="11621703" lat="17.9924238" lon="79.5385158"/>
 <node id="2841454686" visible="true" version="3" changeset="89975312" timestamp="2020-08-26T13:28:49Z" user="v_ravali" uid="11621703" lat="17.9926909" lon="79.5390631"/>
 <node id="2841454699" visible="true" version="3" changeset="89975312" timestamp="2020-08-26T13:28:49Z" user="v_ravali" uid="11621703" lat="17.9929236" lon="79.5395838"/>
 <node id="2841459007" visible="true" version="2" changeset="89975312" timestamp="2020-08-26T13:28:49Z" user="v_ravali" uid="11621703" lat="17.9930767" lon="79.5399233"/>
 <node id="2842337322" visible="true" version="2" changeset="89975312" timestamp="2020-08-26T13:28:49Z" user="v_ravali" uid="11621703" lat="17.9868328" lon="79.5267473"/>
 <node id="2842337730" visible="true" version="2" changeset="89975312" timestamp="2020-08-26T13:28:49Z" user="v_ravali" uid="11621703" lat="17.9894528" lon="79.5323690"/>
 <node id="2842337799" visible="true" version="2" changeset="89975312" timestamp="2020-08-26T13:28:49Z" user="v_ravali" uid="11621703" lat="17.9902158" lon="79.5339955"/>
 <node id="2842338022" visible="true" version="3" changeset="89975312" timestamp="2020-08-26T13:28:49Z" user="v_ravali" uid="11621703" lat="17.9905259" lon="79.5346398"/>
 <node id="2842338029" visible="true" version="2" changeset="89975312" timestamp="2020-08-26T13:28:49Z" user="v_ravali" uid="11621703" lat="17.9906180" lon="79.5348225"/>
 <node id="2842338062" visible="true" version="3" changeset="89975312" timestamp="2020-08-26T13:28:49Z" user="v_ravali" uid="11621703" lat="17.9911528" lon="79.5359585"/>
 <node id="2842338065" visible="true" version="3" changeset="89975312" timestamp="2020-08-26T13:28:49Z" user="v_ravali" uid="11621703" lat="17.9912937" lon="79.5362488"/>
 <node id="2842338087" visible="true" version="3" changeset="89975312" timestamp="2020-08-26T13:28:49Z" user="v_ravali" uid="11621703" lat="17.9916234" lon="79.5369176"/>
 <node id="2842338096" visible="true" version="3" changeset="89975312" timestamp="2020-08-26T13:28:49Z" user="v_ravali" uid="11621703" lat="17.9917903" lon="79.5372785"/>
 <node id="2842338335" visible="true" version="3" changeset="94825890" timestamp="2020-11-26T09:06:27Z" user="VLD146" uid="10797461" lat="17.9932299" lon="79.5403075"/>
 <node id="2842338340" visible="true" version="2" changeset="89975312" timestamp="2020-08-26T13:28:49Z" user="v_ravali" uid="11621703" lat="17.9934595" lon="79.5409384"/>
 <node id="2842338344" visible="true" version="3" changeset="91789349" timestamp="2020-09-30T21:35:45Z" user="Srikar Rao" uid="11468036" lat="17.9939823" lon="79.5545191"/>
 <node id="2842338348" visible="true" version="2" changeset="91789349" timestamp="2020-09-30T21:35:45Z" user="Srikar Rao" uid="11468036" lat="17.9941593" lon="79.5541464"/>
 <node id="2842338349" visible="true" version="2" changeset="91789349" timestamp="2020-09-30T21:35:45Z" user="Srikar Rao" uid="11468036" lat="17.9942886" lon="79.5541442"/>
 <node id="2842338350" visible="true" version="1" changeset="22194336" timestamp="2014-05-07T18:26:02Z" user="sravani@hul" uid="2055943" lat="17.9943047" lon="79.5507637"/>
 <node id="2842338360" visible="true" version="2" changeset="89974198" timestamp="2020-08-26T13:01:59Z" user="v_ravali" uid="11621703" lat="17.9951604" lon="79.5477749"/>
 <node id="4097036402" visible="true" version="3" changeset="89975312" timestamp="2020-08-26T13:28:49Z" user="v_ravali" uid="11621703" lat="17.9862123" lon="79.5250245"/>
 <node id="4104899227" visible="true" version="2" changeset="91789349" timestamp="2020-09-30T21:35:45Z" user="Srikar Rao" uid="11468036" lat="17.9926052" lon="79.5562113"/>
 <node id="4104899239" visible="true" version="2" changeset="91789349" timestamp="2020-09-30T21:35:45Z" user="Srikar Rao" uid="11468036" lat="17.9936678" lon="79.5549008"/>
 <node id="4132104062" visible="true" version="3" changeset="89975312" timestamp="2020-08-26T13:28:49Z" user="v_ravali" uid="11621703" lat="17.9863626" lon="79.5254524"/>
 <node id="4137894727" visible="true" version="1" changeset="38748035" timestamp="2016-04-21T07:01:21Z" user="anushap" uid="2901769" lat="17.9955041" lon="79.5502576"/>
 <node id="4137894728" visible="true" version="1" changeset="38748035" timestamp="2016-04-21T07:01:21Z" user="anushap" uid="2901769" lat="17.9955819" lon="79.5504735"/>
 <node id="4137894729" visible="true" version="1" changeset="38748035" timestamp="2016-04-21T07:01:21Z" user="anushap" uid="2901769" lat="17.9956492" lon="79.5503084"/>
 <node id="4137894730" visible="true" version="1" changeset="38748035" timestamp="2016-04-21T07:01:21Z" user="anushap" uid="2901769" lat="17.9956627" lon="79.5503460"/>
 <node id="4137894731" visible="true" version="1" changeset="38748035" timestamp="2016-04-21T07:01:21Z" user="anushap" uid="2901769" lat="17.9958209" lon="79.5502400"/>
 <node id="4137894732" visible="true" version="1" changeset="38748035" timestamp="2016-04-21T07:01:21Z" user="anushap" uid="2901769" lat="17.9958276" lon="79.5502137"/>
 <node id="4137894733" visible="true" version="1" changeset="38748035" timestamp="2016-04-21T07:01:21Z" user="anushap" uid="2901769" lat="17.9958344" lon="79.5502776"/>
 <node id="4137894734" visible="true" version="1" changeset="38748035" timestamp="2016-04-21T07:01:21Z" user="anushap" uid="2901769" lat="17.9958537" lon="79.5502864"/>
 <node id="4137894735" visible="true" version="1" changeset="38748035" timestamp="2016-04-21T07:01:21Z" user="anushap" uid="2901769" lat="17.9958815" lon="79.5501073"/>
 <node id="4137894736" visible="true" version="1" changeset="38748035" timestamp="2016-04-21T07:01:21Z" user="anushap" uid="2901769" lat="17.9959083" lon="79.5501815"/>
 <node id="4137894737" visible="true" version="1" changeset="38748035" timestamp="2016-04-21T07:01:21Z" user="anushap" uid="2901769" lat="17.9959344" lon="79.5502542"/>
 <node id="4137894738" visible="true" version="1" changeset="38748035" timestamp="2016-04-21T07:01:21Z" user="anushap" uid="2901769" lat="17.9959593" lon="79.5503232"/>
 <node id="4137894739" visible="true" version="1" changeset="38748035" timestamp="2016-04-21T07:01:21Z" user="anushap" uid="2901769" lat="17.9965300" lon="79.5499965"/>
 <node id="4137894740" visible="true" version="1" changeset="38748035" timestamp="2016-04-21T07:01:21Z" user="anushap" uid="2901769" lat="17.9965344" lon="79.5498651"/>
 <node id="4137894741" visible="true" version="1" changeset="38748035" timestamp="2016-04-21T07:01:21Z" user="anushap" uid="2901769" lat="17.9965543" lon="79.5508432"/>
 <node id="4137894742" visible="true" version="1" changeset="38748035" timestamp="2016-04-21T07:01:21Z" user="anushap" uid="2901769" lat="17.9966315" lon="79.5509934"/>
 <node id="4137894743" visible="true" version="1" changeset="38748035" timestamp="2016-04-21T07:01:21Z" user="anushap" uid="2901769" lat="17.9967456" lon="79.5507345"/>
 <node id="4137894744" visible="true" version="1" changeset="38748035" timestamp="2016-04-21T07:01:21Z" user="anushap" uid="2901769" lat="17.9967644" lon="79.5500053"/>
 <node id="4137894745" visible="true" version="1" changeset="38748035" timestamp="2016-04-21T07:01:21Z" user="anushap" uid="2901769" lat="17.9967689" lon="79.5498739"/>
 <node id="4137894746" visible="true" version="1" changeset="38748035" timestamp="2016-04-21T07:01:21Z" user="anushap" uid="2901769" lat="17.9967842" lon="79.5507512"/>
 <node id="4137894747" visible="true" version="1" changeset="38748035" timestamp="2016-04-21T07:01:21Z" user="anushap" uid="2901769" lat="17.9967952" lon="79.5502979"/>
 <node id="4137894748" visible="true" version="1" changeset="38748035" timestamp="2016-04-21T07:01:21Z" user="anushap" uid="2901769" lat="17.9968228" lon="79.5508848"/>
 <node id="4137894749" visible="true" version="1" changeset="38748035" timestamp="2016-04-21T07:01:21Z" user="anushap" uid="2901769" lat="17.9968349" lon="79.5508499"/>
 <node id="4137894750" visible="true" version="1" changeset="38748035" timestamp="2016-04-21T07:01:21Z" user="anushap" uid="2901769" lat="17.9968495" lon="79.5513663"/>
 <node id="4137894751" visible="true" version="1" changeset="38748035" timestamp="2016-04-21T07:01:21Z" user="anushap" uid="2901769" lat="17.9968584" lon="79.5504394"/>
 <node id="4137894752" visible="true" version="1" changeset="38748035" timestamp="2016-04-21T07:01:21Z" user="anushap" uid="2901769" lat="17.9968770" lon="79.5514363"/>
 <node id="4137894753" visible="true" version="1" changeset="38748035" timestamp="2016-04-21T07:01:21Z" user="anushap" uid="2901769" lat="17.9968786" lon="79.5502568"/>
 <node id="4137894754" visible="true" version="1" changeset="38748035" timestamp="2016-04-21T07:01:22Z" user="anushap" uid="2901769" lat="17.9969049" lon="79.5515537"/>
 <node id="4137894755" visible="true" version="1" changeset="38748035" timestamp="2016-04-21T07:01:22Z" user="anushap" uid="2901769" lat="17.9969197" lon="79.5506742"/>
 <node id="4137894756" visible="true" version="1" changeset="38748035" timestamp="2016-04-21T07:01:22Z" user="anushap" uid="2901769" lat="17.9969244" lon="79.5499224"/>
 <node id="4137894757" visible="true" version="1" changeset="38748035" timestamp="2016-04-21T07:01:22Z" user="anushap" uid="2901769" lat="17.9969302" lon="79.5502857"/>
 <node id="4137894758" visible="true" version="1" changeset="38748035" timestamp="2016-04-21T07:01:22Z" user="anushap" uid="2901769" lat="17.9969302" lon="79.5506677"/>
 <node id="4137894759" visible="true" version="1" changeset="38748035" timestamp="2016-04-21T07:01:22Z" user="anushap" uid="2901769" lat="17.9969401" lon="79.5501391"/>
 <node id="4137894760" visible="true" version="1" changeset="38748035" timestamp="2016-04-21T07:01:22Z" user="anushap" uid="2901769" lat="17.9969417" lon="79.5503983"/>
 <node id="4137894761" visible="true" version="1" changeset="38748035" timestamp="2016-04-21T07:01:22Z" user="anushap" uid="2901769" lat="17.9969705" lon="79.5507729"/>
 <node id="4137894762" visible="true" version="1" changeset="38748035" timestamp="2016-04-21T07:01:22Z" user="anushap" uid="2901769" lat="17.9969706" lon="79.5517267"/>
 <node id="4137894763" visible="true" version="1" changeset="38748035" timestamp="2016-04-21T07:01:22Z" user="anushap" uid="2901769" lat="17.9969778" lon="79.5500513"/>
 <node id="4137894764" visible="true" version="1" changeset="38748035" timestamp="2016-04-21T07:01:22Z" user="anushap" uid="2901769" lat="17.9969800" lon="79.5501193"/>
 <node id="4137894765" visible="true" version="1" changeset="38748035" timestamp="2016-04-21T07:01:22Z" user="anushap" uid="2901769" lat="17.9969806" lon="79.5503862"/>
 <node id="4137894766" visible="true" version="1" changeset="38748035" timestamp="2016-04-21T07:01:22Z" user="anushap" uid="2901769" lat="17.9969828" lon="79.5513083"/>
 <node id="4137894767" visible="true" version="1" changeset="38748035" timestamp="2016-04-21T07:01:22Z" user="anushap" uid="2901769" lat="17.9969842" lon="79.5502558"/>
 <node id="4137894768" visible="true" version="1" changeset="38748035" timestamp="2016-04-21T07:01:22Z" user="anushap" uid="2901769" lat="17.9969850" lon="79.5501138"/>
 <node id="4137894769" visible="true" version="1" changeset="38748035" timestamp="2016-04-21T07:01:22Z" user="anushap" uid="2901769" lat="17.9969864" lon="79.5502427"/>
 <node id="4137894770" visible="true" version="1" changeset="38748035" timestamp="2016-04-21T07:01:22Z" user="anushap" uid="2901769" lat="17.9969900" lon="79.5507841"/>
 <node id="4137894771" visible="true" version="1" changeset="38748035" timestamp="2016-04-21T07:01:22Z" user="anushap" uid="2901769" lat="17.9969922" lon="79.5502560"/>
 <node id="4137894772" visible="true" version="1" changeset="38748035" timestamp="2016-04-21T07:01:22Z" user="anushap" uid="2901769" lat="17.9970103" lon="79.5513783"/>
 <node id="4137894773" visible="true" version="1" changeset="38748035" timestamp="2016-04-21T07:01:22Z" user="anushap" uid="2901769" lat="17.9970191" lon="79.5514088"/>
 <node id="4137894774" visible="true" version="1" changeset="38748035" timestamp="2016-04-21T07:01:22Z" user="anushap" uid="2901769" lat="17.9970263" lon="79.5502230"/>
 <node id="4137894775" visible="true" version="1" changeset="38748035" timestamp="2016-04-21T07:01:22Z" user="anushap" uid="2901769" lat="17.9970322" lon="79.5502194"/>
 <node id="4137894776" visible="true" version="1" changeset="38748035" timestamp="2016-04-21T07:01:22Z" user="anushap" uid="2901769" lat="17.9970342" lon="79.5500895"/>
 <node id="4137894777" visible="true" version="1" changeset="38748035" timestamp="2016-04-21T07:01:22Z" user="anushap" uid="2901769" lat="17.9970345" lon="79.5503564"/>
 <node id="4137894778" visible="true" version="1" changeset="38748035" timestamp="2016-04-21T07:01:22Z" user="anushap" uid="2901769" lat="17.9970352" lon="79.5503499"/>
 <node id="4137894779" visible="true" version="1" changeset="38748035" timestamp="2016-04-21T07:01:22Z" user="anushap" uid="2901769" lat="17.9970400" lon="79.5498696"/>
 <node id="4137894780" visible="true" version="1" changeset="38748035" timestamp="2016-04-21T07:01:22Z" user="anushap" uid="2901769" lat="17.9970402" lon="79.5498584"/>
 <node id="4137894781" visible="true" version="1" changeset="38748035" timestamp="2016-04-21T07:01:22Z" user="anushap" uid="2901769" lat="17.9970479" lon="79.5514936"/>
 <node id="4137894782" visible="true" version="1" changeset="38748035" timestamp="2016-04-21T07:01:22Z" user="anushap" uid="2901769" lat="17.9970500" lon="79.5504209"/>
 <node id="4137894783" visible="true" version="1" changeset="38748035" timestamp="2016-04-21T07:01:22Z" user="anushap" uid="2901769" lat="17.9970788" lon="79.5515656"/>
 <node id="4137894784" visible="true" version="1" changeset="38748035" timestamp="2016-04-21T07:01:22Z" user="anushap" uid="2901769" lat="17.9970814" lon="79.5501951"/>
 <node id="4137894785" visible="true" version="1" changeset="38748035" timestamp="2016-04-21T07:01:22Z" user="anushap" uid="2901769" lat="17.9970852" lon="79.5502089"/>
 <node id="4137894786" visible="true" version="1" changeset="38748035" timestamp="2016-04-21T07:01:22Z" user="anushap" uid="2901769" lat="17.9970884" lon="79.5498364"/>
 <node id="4137894787" visible="true" version="1" changeset="38748035" timestamp="2016-04-21T07:01:22Z" user="anushap" uid="2901769" lat="17.9970933" lon="79.5499984"/>
 <node id="4137894788" visible="true" version="1" changeset="38748035" timestamp="2016-04-21T07:01:22Z" user="anushap" uid="2901769" lat="17.9970953" lon="79.5505739"/>
 <node id="4137897489" visible="true" version="1" changeset="38748035" timestamp="2016-04-21T07:01:22Z" user="anushap" uid="2901769" lat="17.9970962" lon="79.5505248"/>
 <node id="4137897490" visible="true" version="1" changeset="38748035" timestamp="2016-04-21T07:01:22Z" user="anushap" uid="2901769" lat="17.9971017" lon="79.5501118"/>
 <node id="4137897491" visible="true" version="1" changeset="38748035" timestamp="2016-04-21T07:01:22Z" user="anushap" uid="2901769" lat="17.9971021" lon="79.5500079"/>
 <node id="4137897492" visible="true" version="1" changeset="38748035" timestamp="2016-04-21T07:01:22Z" user="anushap" uid="2901769" lat="17.9971059" lon="79.5503934"/>
 <node id="4137897493" visible="true" version="1" changeset="38748035" timestamp="2016-04-21T07:01:22Z" user="anushap" uid="2901769" lat="17.9971113" lon="79.5500850"/>
 <node id="4137897494" visible="true" version="1" changeset="38748035" timestamp="2016-04-21T07:01:22Z" user="anushap" uid="2901769" lat="17.9971136" lon="79.5516666"/>
 <node id="4137897495" visible="true" version="1" changeset="38748035" timestamp="2016-04-21T07:01:22Z" user="anushap" uid="2901769" lat="17.9971195" lon="79.5501026"/>
 <node id="4137897496" visible="true" version="1" changeset="38748035" timestamp="2016-04-21T07:01:22Z" user="anushap" uid="2901769" lat="17.9971262" lon="79.5503740"/>
 <node id="4137897497" visible="true" version="1" changeset="38748035" timestamp="2016-04-21T07:01:22Z" user="anushap" uid="2901769" lat="17.9971283" lon="79.5503027"/>
 <node id="4137897498" visible="true" version="1" changeset="38748035" timestamp="2016-04-21T07:01:22Z" user="anushap" uid="2901769" lat="17.9971308" lon="79.5502015"/>
 <node id="4137897499" visible="true" version="1" changeset="38748035" timestamp="2016-04-21T07:01:22Z" user="anushap" uid="2901769" lat="17.9971350" lon="79.5501830"/>
 <node id="4137897500" visible="true" version="1" changeset="38748035" timestamp="2016-04-21T07:01:22Z" user="anushap" uid="2901769" lat="17.9971430" lon="79.5500687"/>
 <node id="4137897501" visible="true" version="1" changeset="38748035" timestamp="2016-04-21T07:01:22Z" user="anushap" uid="2901769" lat="17.9971503" lon="79.5499858"/>
 <node id="4137897502" visible="true" version="1" changeset="38748035" timestamp="2016-04-21T07:01:22Z" user="anushap" uid="2901769" lat="17.9971507" lon="79.5513534"/>
 <node id="4137897503" visible="true" version="1" changeset="38748035" timestamp="2016-04-21T07:01:22Z" user="anushap" uid="2901769" lat="17.9971521" lon="79.5504973"/>
 <node id="4137897504" visible="true" version="1" changeset="38748035" timestamp="2016-04-21T07:01:22Z" user="anushap" uid="2901769" lat="17.9971551" lon="79.5506902"/>
 <node id="4137897505" visible="true" version="1" changeset="38748035" timestamp="2016-04-21T07:01:22Z" user="anushap" uid="2901769" lat="17.9971570" lon="79.5497733"/>
 <node id="4137897506" visible="true" version="1" changeset="38748035" timestamp="2016-04-21T07:01:22Z" user="anushap" uid="2901769" lat="17.9971656" lon="79.5501172"/>
 <node id="4137897507" visible="true" version="1" changeset="38748035" timestamp="2016-04-21T07:01:22Z" user="anushap" uid="2901769" lat="17.9971722" lon="79.5502954"/>
 <node id="4137897508" visible="true" version="1" changeset="38748035" timestamp="2016-04-21T07:01:22Z" user="anushap" uid="2901769" lat="17.9971728" lon="79.5504820"/>
 <node id="4137897509" visible="true" version="1" changeset="38748035" timestamp="2016-04-21T07:01:22Z" user="anushap" uid="2901769" lat="17.9971790" lon="79.5500251"/>
 <node id="4137897510" visible="true" version="1" changeset="38748035" timestamp="2016-04-21T07:01:22Z" user="anushap" uid="2901769" lat="17.9971806" lon="79.5501095"/>
 <node id="4137897511" visible="true" version="1" changeset="38748035" timestamp="2016-04-21T07:01:22Z" user="anushap" uid="2901769" lat="17.9971905" lon="79.5498548"/>
 <node id="4137897512" visible="true" version="1" changeset="38748035" timestamp="2016-04-21T07:01:22Z" user="anushap" uid="2901769" lat="17.9971957" lon="79.5498716"/>
 <node id="4137897513" visible="true" version="1" changeset="38748035" timestamp="2016-04-21T07:01:22Z" user="anushap" uid="2901769" lat="17.9971994" lon="79.5501499"/>
 <node id="4137897514" visible="true" version="1" changeset="38748035" timestamp="2016-04-21T07:01:22Z" user="anushap" uid="2901769" lat="17.9972023" lon="79.5501666"/>
 <node id="4137897515" visible="true" version="1" changeset="38748035" timestamp="2016-04-21T07:01:22Z" user="anushap" uid="2901769" lat="17.9972105" lon="79.5515101"/>
 <node id="4137897516" visible="true" version="1" changeset="38748035" timestamp="2016-04-21T07:01:22Z" user="anushap" uid="2901769" lat="17.9972195" lon="79.5503296"/>
 <node id="4137897517" visible="true" version="1" changeset="38748035" timestamp="2016-04-21T07:01:22Z" user="anushap" uid="2901769" lat="17.9972389" lon="79.5499768"/>
 <node id="4137897518" visible="true" version="1" changeset="38748035" timestamp="2016-04-21T07:01:22Z" user="anushap" uid="2901769" lat="17.9972412" lon="79.5497351"/>
 <node id="4137897519" visible="true" version="1" changeset="38748035" timestamp="2016-04-21T07:01:22Z" user="anushap" uid="2901769" lat="17.9972437" lon="79.5502605"/>
 <node id="4137897520" visible="true" version="1" changeset="38748035" timestamp="2016-04-21T07:01:22Z" user="anushap" uid="2901769" lat="17.9972660" lon="79.5504375"/>
 <node id="4137897521" visible="true" version="1" changeset="38748035" timestamp="2016-04-21T07:01:22Z" user="anushap" uid="2901769" lat="17.9972746" lon="79.5498166"/>
 <node id="4137897522" visible="true" version="1" changeset="38748035" timestamp="2016-04-21T07:01:22Z" user="anushap" uid="2901769" lat="17.9972932" lon="79.5498274"/>
 <node id="4137897523" visible="true" version="1" changeset="38748035" timestamp="2016-04-21T07:01:22Z" user="anushap" uid="2901769" lat="17.9973363" lon="79.5499325"/>
 <node id="4137897528" visible="true" version="2" changeset="38753323" timestamp="2016-04-21T10:21:32Z" user="anushap" uid="2901769" lat="17.9976490" lon="79.5498092"/>
 <node id="4137897529" visible="true" version="1" changeset="38748035" timestamp="2016-04-21T07:01:23Z" user="anushap" uid="2901769" lat="17.9976726" lon="79.5499158"/>
 <node id="4137897530" visible="true" version="1" changeset="38748035" timestamp="2016-04-21T07:01:23Z" user="anushap" uid="2901769" lat="17.9976771" lon="79.5499247"/>
 <node id="4137897531" visible="true" version="1" changeset="38748035" timestamp="2016-04-21T07:01:23Z" user="anushap" uid="2901769" lat="17.9976777" lon="79.5499130"/>
 <node id="4137897532" visible="true" version="1" changeset="38748035" timestamp="2016-04-21T07:01:23Z" user="anushap" uid="2901769" lat="17.9976822" lon="79.5499219"/>
 <node id="4137897533" visible="true" version="2" changeset="38753323" timestamp="2016-04-21T10:21:32Z" user="anushap" uid="2901769" lat="17.9976981" lon="79.5499292"/>
 <node id="4137897534" visible="true" version="2" changeset="38753323" timestamp="2016-04-21T10:21:32Z" user="anushap" uid="2901769" lat="17.9977005" lon="79.5499114"/>
 <node id="4137897536" visible="true" version="2" changeset="38753323" timestamp="2016-04-21T10:21:32Z" user="anushap" uid="2901769" lat="17.9977400" lon="79.5500124"/>
 <node id="4137897540" visible="true" version="2" changeset="38753323" timestamp="2016-04-21T10:21:32Z" user="anushap" uid="2901769" lat="17.9977857" lon="79.5497331"/>
 <node id="4137897544" visible="true" version="2" changeset="38753323" timestamp="2016-04-21T10:21:32Z" user="anushap" uid="2901769" lat="17.9978463" lon="79.5498468"/>
 <node id="4137897546" visible="true" version="2" changeset="38753323" timestamp="2016-04-21T10:21:32Z" user="anushap" uid="2901769" lat="17.9978371" lon="79.5498354"/>
 <node id="4137897553" visible="true" version="2" changeset="38753323" timestamp="2016-04-21T10:21:32Z" user="anushap" uid="2901769" lat="17.9978882" lon="79.5499299"/>
 <node id="4138185121" visible="true" version="1" changeset="38751645" timestamp="2016-04-21T09:08:55Z" user="anushap" uid="2901769" lat="17.9953212" lon="79.5514356"/>
 <node id="4138185127" visible="true" version="1" changeset="38751645" timestamp="2016-04-21T09:08:55Z" user="anushap" uid="2901769" lat="17.9953538" lon="79.5515184"/>
 <node id="4138185136" visible="true" version="1" changeset="38751645" timestamp="2016-04-21T09:08:55Z" user="anushap" uid="2901769" lat="17.9954191" lon="79.5505569"/>
 <node id="4138185140" visible="true" version="1" changeset="38751645" timestamp="2016-04-21T09:08:55Z" user="anushap" uid="2901769" lat="17.9954342" lon="79.5495307"/>
 <node id="4138185142" visible="true" version="1" changeset="38751645" timestamp="2016-04-21T09:08:56Z" user="anushap" uid="2901769" lat="17.9954546" lon="79.5495958"/>
 <node id="4138185144" visible="true" version="1" changeset="38751645" timestamp="2016-04-21T09:08:56Z" user="anushap" uid="2901769" lat="17.9954657" lon="79.5506734"/>
 <node id="4138185147" visible="true" version="1" changeset="38751645" timestamp="2016-04-21T09:08:56Z" user="anushap" uid="2901769" lat="17.9955116" lon="79.5513528"/>
 <node id="4138185148" visible="true" version="1" changeset="38751645" timestamp="2016-04-21T09:08:56Z" user="anushap" uid="2901769" lat="17.9955153" lon="79.5512088"/>
 <node id="4138185149" visible="true" version="1" changeset="38751645" timestamp="2016-04-21T09:08:56Z" user="anushap" uid="2901769" lat="17.9955187" lon="79.5514618"/>
 <node id="4138185150" visible="true" version="1" changeset="38751645" timestamp="2016-04-21T09:08:56Z" user="anushap" uid="2901769" lat="17.9955442" lon="79.5514356"/>
 <node id="4138185151" visible="true" version="1" changeset="38751645" timestamp="2016-04-21T09:08:56Z" user="anushap" uid="2901769" lat="17.9955488" lon="79.5497473"/>
 <node id="4138185152" visible="true" version="1" changeset="38751645" timestamp="2016-04-21T09:08:56Z" user="anushap" uid="2901769" lat="17.9955509" lon="79.5504987"/>
 <node id="4138185153" visible="true" version="1" changeset="38751645" timestamp="2016-04-21T09:08:56Z" user="anushap" uid="2901769" lat="17.9955785" lon="79.5513724"/>
 <node id="4138185154" visible="true" version="1" changeset="38751645" timestamp="2016-04-21T09:08:56Z" user="anushap" uid="2901769" lat="17.9955801" lon="79.5498157"/>
 <node id="4138185155" visible="true" version="1" changeset="38751645" timestamp="2016-04-21T09:08:56Z" user="anushap" uid="2901769" lat="17.9955854" lon="79.5512398"/>
 <node id="4138185156" visible="true" version="1" changeset="38751645" timestamp="2016-04-21T09:08:56Z" user="anushap" uid="2901769" lat="17.9955974" lon="79.5506151"/>
 <node id="4138185157" visible="true" version="1" changeset="38751645" timestamp="2016-04-21T09:08:56Z" user="anushap" uid="2901769" lat="17.9955990" lon="79.5498253"/>
 <node id="4138185158" visible="true" version="1" changeset="38751645" timestamp="2016-04-21T09:08:56Z" user="anushap" uid="2901769" lat="17.9956015" lon="79.5514273"/>
 <node id="4138185159" visible="true" version="1" changeset="38751645" timestamp="2016-04-21T09:08:56Z" user="anushap" uid="2901769" lat="17.9956018" lon="79.5494726"/>
 <node id="4138185160" visible="true" version="1" changeset="38751645" timestamp="2016-04-21T09:08:56Z" user="anushap" uid="2901769" lat="17.9956061" lon="79.5499040"/>
 <node id="4138185161" visible="true" version="1" changeset="38751645" timestamp="2016-04-21T09:08:56Z" user="anushap" uid="2901769" lat="17.9956074" lon="79.5513020"/>
 <node id="4138185162" visible="true" version="1" changeset="38751645" timestamp="2016-04-21T09:08:56Z" user="anushap" uid="2901769" lat="17.9956201" lon="79.5498907"/>
 <node id="4138185163" visible="true" version="1" changeset="38751645" timestamp="2016-04-21T09:08:56Z" user="anushap" uid="2901769" lat="17.9956222" lon="79.5495376"/>
 <node id="4138185164" visible="true" version="1" changeset="38751645" timestamp="2016-04-21T09:08:56Z" user="anushap" uid="2901769" lat="17.9956228" lon="79.5499548"/>
 <node id="4138185165" visible="true" version="1" changeset="38751645" timestamp="2016-04-21T09:08:56Z" user="anushap" uid="2901769" lat="17.9956349" lon="79.5507793"/>
 <node id="4138185166" visible="true" version="1" changeset="38751645" timestamp="2016-04-21T09:08:56Z" user="anushap" uid="2901769" lat="17.9956563" lon="79.5499497"/>
 <node id="4138185167" visible="true" version="1" changeset="38751645" timestamp="2016-04-21T09:08:56Z" user="anushap" uid="2901769" lat="17.9956709" lon="79.5499912"/>
 <node id="4138185168" visible="true" version="1" changeset="38751645" timestamp="2016-04-21T09:08:56Z" user="anushap" uid="2901769" lat="17.9956739" lon="79.5512051"/>
 <node id="4138185169" visible="true" version="1" changeset="38751645" timestamp="2016-04-21T09:08:56Z" user="anushap" uid="2901769" lat="17.9956909" lon="79.5519178"/>
 <node id="4138185170" visible="true" version="1" changeset="38751645" timestamp="2016-04-21T09:08:56Z" user="anushap" uid="2901769" lat="17.9956960" lon="79.5512673"/>
 <node id="4138185171" visible="true" version="1" changeset="38751645" timestamp="2016-04-21T09:08:56Z" user="anushap" uid="2901769" lat="17.9957005" lon="79.5499857"/>
 <node id="4138185172" visible="true" version="1" changeset="38751645" timestamp="2016-04-21T09:08:56Z" user="anushap" uid="2901769" lat="17.9957106" lon="79.5511255"/>
 <node id="4138185173" visible="true" version="1" changeset="38751645" timestamp="2016-04-21T09:08:56Z" user="anushap" uid="2901769" lat="17.9957120" lon="79.5500685"/>
 <node id="4138185174" visible="true" version="1" changeset="38751645" timestamp="2016-04-21T09:08:56Z" user="anushap" uid="2901769" lat="17.9957126" lon="79.5500223"/>
 <node id="4138185175" visible="true" version="1" changeset="38751645" timestamp="2016-04-21T09:08:56Z" user="anushap" uid="2901769" lat="17.9957138" lon="79.5509401"/>
 <node id="4138185176" visible="true" version="1" changeset="38751645" timestamp="2016-04-21T09:08:56Z" user="anushap" uid="2901769" lat="17.9957333" lon="79.5501276"/>
 <node id="4138185177" visible="true" version="1" changeset="38751645" timestamp="2016-04-21T09:08:56Z" user="anushap" uid="2901769" lat="17.9957347" lon="79.5496855"/>
 <node id="4138185178" visible="true" version="1" changeset="38751645" timestamp="2016-04-21T09:08:56Z" user="anushap" uid="2901769" lat="17.9957410" lon="79.5511191"/>
 <node id="4138185179" visible="true" version="1" changeset="38751645" timestamp="2016-04-21T09:08:56Z" user="anushap" uid="2901769" lat="17.9957460" lon="79.5497730"/>
 <node id="4138185180" visible="true" version="1" changeset="38751645" timestamp="2016-04-21T09:08:56Z" user="anushap" uid="2901769" lat="17.9957578" lon="79.5497653"/>
 <node id="4138185181" visible="true" version="1" changeset="38751645" timestamp="2016-04-21T09:08:56Z" user="anushap" uid="2901769" lat="17.9957582" lon="79.5504444"/>
 <node id="4138185182" visible="true" version="1" changeset="38751645" timestamp="2016-04-21T09:08:56Z" user="anushap" uid="2901769" lat="17.9957670" lon="79.5498384"/>
 <node id="4138185183" visible="true" version="1" changeset="38751645" timestamp="2016-04-21T09:08:56Z" user="anushap" uid="2901769" lat="17.9957690" lon="79.5498446"/>
 <node id="4138185184" visible="true" version="1" changeset="38751645" timestamp="2016-04-21T09:08:56Z" user="anushap" uid="2901769" lat="17.9957737" lon="79.5512891"/>
 <node id="4138185185" visible="true" version="1" changeset="38751645" timestamp="2016-04-21T09:08:56Z" user="anushap" uid="2901769" lat="17.9957737" lon="79.5518832"/>
 <node id="4138185186" visible="true" version="1" changeset="38751645" timestamp="2016-04-21T09:08:56Z" user="anushap" uid="2901769" lat="17.9957857" lon="79.5498954"/>
 <node id="4138185187" visible="true" version="1" changeset="38751645" timestamp="2016-04-21T09:08:56Z" user="anushap" uid="2901769" lat="17.9957956" lon="79.5498956"/>
 <node id="4138185188" visible="true" version="1" changeset="38751645" timestamp="2016-04-21T09:08:56Z" user="anushap" uid="2901769" lat="17.9958019" lon="79.5505511"/>
 <node id="4138185189" visible="true" version="1" changeset="38751645" timestamp="2016-04-21T09:08:56Z" user="anushap" uid="2901769" lat="17.9958102" lon="79.5499371"/>
 <node id="4138185190" visible="true" version="1" changeset="38751645" timestamp="2016-04-21T09:08:56Z" user="anushap" uid="2901769" lat="17.9958180" lon="79.5499426"/>
 <node id="4138185191" visible="true" version="1" changeset="38751645" timestamp="2016-04-21T09:08:56Z" user="anushap" uid="2901769" lat="17.9958232" lon="79.5511709"/>
 <node id="4138185192" visible="true" version="1" changeset="38751645" timestamp="2016-04-21T09:08:56Z" user="anushap" uid="2901769" lat="17.9958301" lon="79.5499792"/>
 <node id="4138185193" visible="true" version="1" changeset="38751645" timestamp="2016-04-21T09:08:56Z" user="anushap" uid="2901769" lat="17.9958407" lon="79.5513802"/>
 <node id="4138185194" visible="true" version="1" changeset="38751645" timestamp="2016-04-21T09:08:56Z" user="anushap" uid="2901769" lat="17.9958566" lon="79.5512583"/>
 <node id="4138185195" visible="true" version="1" changeset="38751645" timestamp="2016-04-21T09:08:56Z" user="anushap" uid="2901769" lat="17.9958700" lon="79.5503938"/>
 <node id="4138185196" visible="true" version="1" changeset="38751645" timestamp="2016-04-21T09:08:56Z" user="anushap" uid="2901769" lat="17.9958749" lon="79.5500037"/>
 <node id="4138185197" visible="true" version="1" changeset="38751645" timestamp="2016-04-21T09:08:56Z" user="anushap" uid="2901769" lat="17.9958751" lon="79.5511490"/>
 <node id="4138185198" visible="true" version="1" changeset="38751645" timestamp="2016-04-21T09:08:56Z" user="anushap" uid="2901769" lat="17.9958832" lon="79.5503996"/>
 <node id="4138185199" visible="true" version="1" changeset="38751645" timestamp="2016-04-21T09:08:56Z" user="anushap" uid="2901769" lat="17.9958953" lon="79.5513572"/>
 <node id="4138185200" visible="true" version="1" changeset="38751645" timestamp="2016-04-21T09:08:56Z" user="anushap" uid="2901769" lat="17.9958962" lon="79.5500628"/>
 <node id="4138185201" visible="true" version="1" changeset="38751645" timestamp="2016-04-21T09:08:56Z" user="anushap" uid="2901769" lat="17.9959036" lon="79.5510504"/>
 <node id="4138185202" visible="true" version="1" changeset="38751645" timestamp="2016-04-21T09:08:56Z" user="anushap" uid="2901769" lat="17.9959085" lon="79.5512364"/>
 <node id="4138185203" visible="true" version="1" changeset="38751645" timestamp="2016-04-21T09:08:56Z" user="anushap" uid="2901769" lat="17.9959137" lon="79.5505004"/>
 <node id="4138185204" visible="true" version="1" changeset="38751645" timestamp="2016-04-21T09:08:56Z" user="anushap" uid="2901769" lat="17.9959145" lon="79.5514074"/>
 <node id="4138185205" visible="true" version="1" changeset="38751645" timestamp="2016-04-21T09:08:56Z" user="anushap" uid="2901769" lat="17.9959320" lon="79.5505209"/>
 <node id="4138185206" visible="true" version="1" changeset="38751645" timestamp="2016-04-21T09:08:56Z" user="anushap" uid="2901769" lat="17.9959490" lon="79.5513345"/>
 <node id="4138185207" visible="true" version="1" changeset="38751645" timestamp="2016-04-21T09:08:56Z" user="anushap" uid="2901769" lat="17.9959681" lon="79.5513847"/>
 <node id="4138185208" visible="true" version="1" changeset="38751645" timestamp="2016-04-21T09:08:56Z" user="anushap" uid="2901769" lat="17.9960033" lon="79.5513116"/>
 <node id="4138185209" visible="true" version="1" changeset="38751645" timestamp="2016-04-21T09:08:57Z" user="anushap" uid="2901769" lat="17.9960164" lon="79.5503404"/>
 <node id="4138185210" visible="true" version="1" changeset="38751645" timestamp="2016-04-21T09:08:57Z" user="anushap" uid="2901769" lat="17.9960483" lon="79.5505549"/>
 <node id="4138185211" visible="true" version="1" changeset="38751645" timestamp="2016-04-21T09:08:57Z" user="anushap" uid="2901769" lat="17.9960652" lon="79.5504617"/>
 <node id="4138185212" visible="true" version="1" changeset="38751645" timestamp="2016-04-21T09:08:57Z" user="anushap" uid="2901769" lat="17.9961272" lon="79.5507158"/>
 <node id="4138333525" visible="true" version="1" changeset="38753323" timestamp="2016-04-21T10:21:03Z" user="anushap" uid="2901769" lat="17.9954914" lon="79.5527931"/>
 <node id="4138333541" visible="true" version="1" changeset="38753323" timestamp="2016-04-21T10:21:04Z" user="anushap" uid="2901769" lat="17.9955718" lon="79.5526958"/>
 <node id="4138333542" visible="true" version="1" changeset="38753323" timestamp="2016-04-21T10:21:04Z" user="anushap" uid="2901769" lat="17.9955728" lon="79.5528674"/>
 <node id="4138333547" visible="true" version="1" changeset="38753323" timestamp="2016-04-21T10:21:04Z" user="anushap" uid="2901769" lat="17.9955954" lon="79.5527045"/>
 <node id="4138333565" visible="true" version="1" changeset="38753323" timestamp="2016-04-21T10:21:04Z" user="anushap" uid="2901769" lat="17.9956455" lon="79.5527467"/>
 <node id="4138333570" visible="true" version="1" changeset="38753323" timestamp="2016-04-21T10:21:04Z" user="anushap" uid="2901769" lat="17.9956532" lon="79.5527702"/>
 <node id="4138333580" visible="true" version="1" changeset="38753323" timestamp="2016-04-21T10:21:04Z" user="anushap" uid="2901769" lat="17.9956821" lon="79.5525905"/>
 <node id="4138333582" visible="true" version="1" changeset="38753323" timestamp="2016-04-21T10:21:04Z" user="anushap" uid="2901769" lat="17.9956911" lon="79.5525522"/>
 <node id="4138333604" visible="true" version="1" changeset="38753323" timestamp="2016-04-21T10:21:05Z" user="anushap" uid="2901769" lat="17.9957323" lon="79.5526327"/>
 <node id="4138333612" visible="true" version="1" changeset="38753323" timestamp="2016-04-21T10:21:05Z" user="anushap" uid="2901769" lat="17.9957559" lon="79.5526099"/>
 <node id="4138333632" visible="true" version="1" changeset="38753323" timestamp="2016-04-21T10:21:05Z" user="anushap" uid="2901769" lat="17.9958168" lon="79.5523966"/>
 <node id="4138333659" visible="true" version="1" changeset="38753323" timestamp="2016-04-21T10:21:06Z" user="anushap" uid="2901769" lat="17.9958815" lon="79.5524544"/>
 <node id="4138333829" visible="true" version="2" changeset="91855909" timestamp="2020-10-02T06:59:58Z" user="Srikar Rao" uid="11468036" lat="17.9968159" lon="79.5510970"/>
 <node id="4138333838" visible="true" version="2" changeset="91855909" timestamp="2020-10-02T06:59:58Z" user="Srikar Rao" uid="11468036" lat="17.9968873" lon="79.5513076"/>
 <node id="4138333857" visible="true" version="2" changeset="91855909" timestamp="2020-10-02T06:59:58Z" user="Srikar Rao" uid="11468036" lat="17.9970623" lon="79.5511430"/>
 <node id="4138333861" visible="true" version="2" changeset="91855909" timestamp="2020-10-02T06:59:58Z" user="Srikar Rao" uid="11468036" lat="17.9971094" lon="79.5511176"/>
 <node id="4138333862" visible="true" version="2" changeset="91855909" timestamp="2020-10-02T06:59:58Z" user="Srikar Rao" uid="11468036" lat="17.9970849" lon="79.5510331"/>
 <node id="4138333863" visible="true" version="2" changeset="91855909" timestamp="2020-10-02T06:59:58Z" user="Srikar Rao" uid="11468036" lat="17.9970900" lon="79.5512322"/>
 <node id="4138333869" visible="true" version="1" changeset="38753323" timestamp="2016-04-21T10:21:09Z" user="anushap" uid="2901769" lat="17.9971916" lon="79.5512404"/>
 <node id="4138333871" visible="true" version="1" changeset="38753323" timestamp="2016-04-21T10:21:09Z" user="anushap" uid="2901769" lat="17.9972432" lon="79.5513699"/>
 <node id="4138333872" visible="true" version="1" changeset="38753323" timestamp="2016-04-21T10:21:09Z" user="anushap" uid="2901769" lat="17.9972533" lon="79.5500191"/>
 <node id="4138333875" visible="true" version="1" changeset="38753323" timestamp="2016-04-21T10:21:09Z" user="anushap" uid="2901769" lat="17.9972929" lon="79.5501130"/>
 <node id="4138333877" visible="true" version="1" changeset="38753323" timestamp="2016-04-21T10:21:09Z" user="anushap" uid="2901769" lat="17.9972994" lon="79.5501303"/>
 <node id="4138333883" visible="true" version="1" changeset="38753323" timestamp="2016-04-21T10:21:09Z" user="anushap" uid="2901769" lat="17.9973421" lon="79.5502248"/>
 <node id="4138333884" visible="true" version="1" changeset="38753323" timestamp="2016-04-21T10:21:09Z" user="anushap" uid="2901769" lat="17.9973513" lon="79.5499735"/>
 <node id="4138333887" visible="true" version="1" changeset="38753323" timestamp="2016-04-21T10:21:09Z" user="anushap" uid="2901769" lat="17.9973909" lon="79.5500674"/>
 <node id="4138333888" visible="true" version="1" changeset="38753323" timestamp="2016-04-21T10:21:09Z" user="anushap" uid="2901769" lat="17.9974011" lon="79.5500794"/>
 <node id="4138333991" visible="true" version="1" changeset="38753323" timestamp="2016-04-21T10:21:09Z" user="anushap" uid="2901769" lat="17.9974161" lon="79.5503861"/>
 <node id="4138333997" visible="true" version="1" changeset="38753323" timestamp="2016-04-21T10:21:09Z" user="anushap" uid="2901769" lat="17.9974438" lon="79.5501740"/>
 <node id="4138333998" visible="true" version="1" changeset="38753323" timestamp="2016-04-21T10:21:09Z" user="anushap" uid="2901769" lat="17.9974488" lon="79.5516311"/>
 <node id="4138334001" visible="true" version="1" changeset="38753323" timestamp="2016-04-21T10:21:09Z" user="anushap" uid="2901769" lat="17.9974627" lon="79.5511211"/>
 <node id="4138334003" visible="true" version="1" changeset="38753323" timestamp="2016-04-21T10:21:09Z" user="anushap" uid="2901769" lat="17.9974747" lon="79.5517045"/>
 <node id="4138334004" visible="true" version="1" changeset="38753323" timestamp="2016-04-21T10:21:09Z" user="anushap" uid="2901769" lat="17.9974805" lon="79.5505135"/>
 <node id="4138334005" visible="true" version="1" changeset="38753323" timestamp="2016-04-21T10:21:09Z" user="anushap" uid="2901769" lat="17.9974830" lon="79.5503487"/>
 <node id="4138334006" visible="true" version="1" changeset="38753323" timestamp="2016-04-21T10:21:09Z" user="anushap" uid="2901769" lat="17.9974909" lon="79.5519132"/>
 <node id="4138334010" visible="true" version="1" changeset="38753323" timestamp="2016-04-21T10:21:09Z" user="anushap" uid="2901769" lat="17.9975142" lon="79.5519794"/>
 <node id="4138334011" visible="true" version="1" changeset="38753323" timestamp="2016-04-21T10:21:09Z" user="anushap" uid="2901769" lat="17.9975143" lon="79.5512506"/>
 <node id="4138334012" visible="true" version="1" changeset="38753323" timestamp="2016-04-21T10:21:09Z" user="anushap" uid="2901769" lat="17.9975155" lon="79.5516887"/>
 <node id="4138334013" visible="true" version="1" changeset="38753323" timestamp="2016-04-21T10:21:09Z" user="anushap" uid="2901769" lat="17.9975474" lon="79.5504761"/>
 <node id="4138334016" visible="true" version="1" changeset="38753323" timestamp="2016-04-21T10:21:09Z" user="anushap" uid="2901769" lat="17.9975582" lon="79.5501637"/>
 <node id="4138334019" visible="true" version="1" changeset="38753323" timestamp="2016-04-21T10:21:09Z" user="anushap" uid="2901769" lat="17.9975820" lon="79.5518777"/>
 <node id="4138334020" visible="true" version="1" changeset="38753323" timestamp="2016-04-21T10:21:09Z" user="anushap" uid="2901769" lat="17.9976053" lon="79.5519440"/>
 <node id="4138334021" visible="true" version="1" changeset="38753323" timestamp="2016-04-21T10:21:09Z" user="anushap" uid="2901769" lat="17.9976117" lon="79.5502690"/>
 <node id="4138334022" visible="true" version="1" changeset="38753323" timestamp="2016-04-21T10:21:09Z" user="anushap" uid="2901769" lat="17.9976119" lon="79.5508103"/>
 <node id="4138334024" visible="true" version="1" changeset="38753323" timestamp="2016-04-21T10:21:09Z" user="anushap" uid="2901769" lat="17.9976151" lon="79.5506420"/>
 <node id="4138334025" visible="true" version="1" changeset="38753323" timestamp="2016-04-21T10:21:09Z" user="anushap" uid="2901769" lat="17.9976240" lon="79.5501267"/>
 <node id="4138334028" visible="true" version="1" changeset="38753323" timestamp="2016-04-21T10:21:09Z" user="anushap" uid="2901769" lat="17.9976404" lon="79.5521754"/>
 <node id="4138334030" visible="true" version="1" changeset="38753323" timestamp="2016-04-21T10:21:10Z" user="anushap" uid="2901769" lat="17.9976565" lon="79.5515503"/>
 <node id="4138334032" visible="true" version="1" changeset="38753323" timestamp="2016-04-21T10:21:10Z" user="anushap" uid="2901769" lat="17.9976603" lon="79.5508114"/>
 <node id="4138334033" visible="true" version="1" changeset="38753323" timestamp="2016-04-21T10:21:10Z" user="anushap" uid="2901769" lat="17.9976631" lon="79.5522400"/>
 <node id="4138334034" visible="true" version="1" changeset="38753323" timestamp="2016-04-21T10:21:10Z" user="anushap" uid="2901769" lat="17.9976635" lon="79.5506430"/>
 <node id="4138334035" visible="true" version="1" changeset="38753323" timestamp="2016-04-21T10:21:10Z" user="anushap" uid="2901769" lat="17.9976696" lon="79.5516235"/>
 <node id="4138334037" visible="true" version="1" changeset="38753323" timestamp="2016-04-21T10:21:10Z" user="anushap" uid="2901769" lat="17.9976775" lon="79.5502320"/>
 <node id="4138334038" visible="true" version="1" changeset="38753323" timestamp="2016-04-21T10:21:10Z" user="anushap" uid="2901769" lat="17.9976807" lon="79.5516191"/>
 <node id="4138334039" visible="true" version="1" changeset="38753323" timestamp="2016-04-21T10:21:10Z" user="anushap" uid="2901769" lat="17.9976812" lon="79.5521595"/>
 <node id="4138334041" visible="true" version="1" changeset="38753323" timestamp="2016-04-21T10:21:10Z" user="anushap" uid="2901769" lat="17.9976903" lon="79.5508523"/>
 <node id="4138334042" visible="true" version="1" changeset="38753323" timestamp="2016-04-21T10:21:10Z" user="anushap" uid="2901769" lat="17.9976940" lon="79.5506591"/>
 <node id="4138334053" visible="true" version="1" changeset="38753323" timestamp="2016-04-21T10:21:10Z" user="anushap" uid="2901769" lat="17.9977800" lon="79.5508541"/>
 <node id="4138334056" visible="true" version="1" changeset="38753323" timestamp="2016-04-21T10:21:10Z" user="anushap" uid="2901769" lat="17.9977836" lon="79.5506610"/>
 <node id="4138334060" visible="true" version="1" changeset="38753323" timestamp="2016-04-21T10:21:10Z" user="anushap" uid="2901769" lat="17.9978345" lon="79.5520919"/>
 <node id="4138334062" visible="true" version="1" changeset="38753323" timestamp="2016-04-21T10:21:10Z" user="anushap" uid="2901769" lat="17.9978518" lon="79.5520852"/>
 <node id="4138334068" visible="true" version="1" changeset="38753323" timestamp="2016-04-21T10:21:10Z" user="anushap" uid="2901769" lat="17.9978770" lon="79.5521567"/>
 <node id="4138414187" visible="true" version="1" changeset="38754150" timestamp="2016-04-21T11:00:16Z" user="anushap" uid="2901769" lat="17.9959582" lon="79.5495251"/>
 <node id="4138415890" visible="true" version="1" changeset="38754150" timestamp="2016-04-21T11:00:16Z" user="anushap" uid="2901769" lat="17.9959752" lon="79.5495656"/>
 <node id="4138415891" visible="true" version="1" changeset="38754150" timestamp="2016-04-21T11:00:16Z" user="anushap" uid="2901769" lat="17.9959752" lon="79.5495775"/>
 <node id="4138415893" visible="true" version="1" changeset="38754150" timestamp="2016-04-21T11:00:16Z" user="anushap" uid="2901769" lat="17.9960077" lon="79.5496548"/>
 <node id="4138415897" visible="true" version="1" changeset="38754150" timestamp="2016-04-21T11:00:16Z" user="anushap" uid="2901769" lat="17.9960569" lon="79.5494792"/>
 <node id="4138415899" visible="true" version="1" changeset="38754150" timestamp="2016-04-21T11:00:16Z" user="anushap" uid="2901769" lat="17.9960739" lon="79.5495198"/>
 <node id="4138415903" visible="true" version="1" changeset="38754150" timestamp="2016-04-21T11:00:17Z" user="anushap" uid="2901769" lat="17.9961036" lon="79.5495179"/>
 <node id="4138415907" visible="true" version="1" changeset="38754150" timestamp="2016-04-21T11:00:17Z" user="anushap" uid="2901769" lat="17.9961361" lon="79.5495952"/>
 <node id="4138415910" visible="true" version="1" changeset="38754150" timestamp="2016-04-21T11:00:17Z" user="anushap" uid="2901769" lat="17.9961581" lon="79.5494286"/>
 <node id="4138415919" visible="true" version="1" changeset="38754150" timestamp="2016-04-21T11:00:17Z" user="anushap" uid="2901769" lat="17.9962112" lon="79.5495345"/>
 <node id="4138415921" visible="true" version="1" changeset="38754150" timestamp="2016-04-21T11:00:17Z" user="anushap" uid="2901769" lat="17.9962243" lon="79.5493919"/>
 <node id="4138415924" visible="true" version="1" changeset="38754150" timestamp="2016-04-21T11:00:17Z" user="anushap" uid="2901769" lat="17.9962520" lon="79.5501303"/>
 <node id="4138415928" visible="true" version="1" changeset="38754150" timestamp="2016-04-21T11:00:17Z" user="anushap" uid="2901769" lat="17.9962773" lon="79.5494979"/>
 <node id="4138415931" visible="true" version="1" changeset="38754150" timestamp="2016-04-21T11:00:17Z" user="anushap" uid="2901769" lat="17.9963062" lon="79.5502758"/>
 <node id="4138415938" visible="true" version="1" changeset="38754150" timestamp="2016-04-21T11:00:17Z" user="anushap" uid="2901769" lat="17.9963555" lon="79.5503782"/>
 <node id="4138415941" visible="true" version="1" changeset="38754150" timestamp="2016-04-21T11:00:17Z" user="anushap" uid="2901769" lat="17.9964046" lon="79.5504976"/>
 <node id="4138415947" visible="true" version="1" changeset="38754150" timestamp="2016-04-21T11:00:17Z" user="anushap" uid="2901769" lat="17.9964291" lon="79.5495236"/>
 <node id="4138415948" visible="true" version="1" changeset="38754150" timestamp="2016-04-21T11:00:17Z" user="anushap" uid="2901769" lat="17.9964332" lon="79.5500557"/>
 <node id="4138415949" visible="true" version="1" changeset="38754150" timestamp="2016-04-21T11:00:17Z" user="anushap" uid="2901769" lat="17.9964483" lon="79.5500962"/>
 <node id="4138415951" visible="true" version="1" changeset="38754150" timestamp="2016-04-21T11:00:17Z" user="anushap" uid="2901769" lat="17.9964593" lon="79.5503310"/>
 <node id="4138415952" visible="true" version="1" changeset="38754150" timestamp="2016-04-21T11:00:17Z" user="anushap" uid="2901769" lat="17.9964619" lon="79.5501736"/>
 <node id="4138415954" visible="true" version="1" changeset="38754150" timestamp="2016-04-21T11:00:17Z" user="anushap" uid="2901769" lat="17.9964733" lon="79.5496116"/>
 <node id="4138415955" visible="true" version="1" changeset="38754150" timestamp="2016-04-21T11:00:17Z" user="anushap" uid="2901769" lat="17.9964742" lon="79.5502066"/>
 <node id="4138415957" visible="true" version="1" changeset="38754150" timestamp="2016-04-21T11:00:17Z" user="anushap" uid="2901769" lat="17.9964743" lon="79.5500855"/>
 <node id="4138415959" visible="true" version="1" changeset="38754150" timestamp="2016-04-21T11:00:17Z" user="anushap" uid="2901769" lat="17.9964995" lon="79.5494845"/>
 <node id="4138415961" visible="true" version="1" changeset="38754150" timestamp="2016-04-21T11:00:17Z" user="anushap" uid="2901769" lat="17.9965011" lon="79.5501575"/>
 <node id="4138415962" visible="true" version="1" changeset="38754150" timestamp="2016-04-21T11:00:17Z" user="anushap" uid="2901769" lat="17.9965039" lon="79.5494786"/>
 <node id="4138415963" visible="true" version="1" changeset="38754150" timestamp="2016-04-21T11:00:18Z" user="anushap" uid="2901769" lat="17.9965084" lon="79.5504504"/>
 <node id="4138415966" visible="true" version="1" changeset="38754150" timestamp="2016-04-21T11:00:18Z" user="anushap" uid="2901769" lat="17.9965282" lon="79.5497040"/>
 <node id="4138415969" visible="true" version="1" changeset="38754150" timestamp="2016-04-21T11:00:18Z" user="anushap" uid="2901769" lat="17.9965431" lon="79.5495566"/>
 <node id="4138415971" visible="true" version="1" changeset="38754150" timestamp="2016-04-21T11:00:18Z" user="anushap" uid="2901769" lat="17.9965437" lon="79.5495726"/>
 <node id="4138415973" visible="true" version="1" changeset="38754150" timestamp="2016-04-21T11:00:18Z" user="anushap" uid="2901769" lat="17.9965477" lon="79.5504115"/>
 <node id="4138415974" visible="true" version="1" changeset="38754150" timestamp="2016-04-21T11:00:18Z" user="anushap" uid="2901769" lat="17.9965677" lon="79.5497826"/>
 <node id="4138415975" visible="true" version="1" changeset="38754150" timestamp="2016-04-21T11:00:18Z" user="anushap" uid="2901769" lat="17.9965732" lon="79.5504758"/>
 <node id="4138415977" visible="true" version="1" changeset="38754150" timestamp="2016-04-21T11:00:18Z" user="anushap" uid="2901769" lat="17.9965753" lon="79.5494390"/>
 <node id="4138415982" visible="true" version="1" changeset="38754150" timestamp="2016-04-21T11:00:18Z" user="anushap" uid="2901769" lat="17.9965938" lon="79.5496676"/>
 <node id="4138415983" visible="true" version="1" changeset="38754150" timestamp="2016-04-21T11:00:18Z" user="anushap" uid="2901769" lat="17.9965940" lon="79.5496520"/>
 <node id="4138415986" visible="true" version="1" changeset="38754150" timestamp="2016-04-21T11:00:18Z" user="anushap" uid="2901769" lat="17.9966145" lon="79.5495170"/>
 <node id="4138415989" visible="true" version="1" changeset="38754150" timestamp="2016-04-21T11:00:18Z" user="anushap" uid="2901769" lat="17.9966321" lon="79.5497280"/>
 <node id="4138415990" visible="true" version="1" changeset="38754150" timestamp="2016-04-21T11:00:18Z" user="anushap" uid="2901769" lat="17.9966333" lon="79.5497462"/>
 <node id="4138415991" visible="true" version="1" changeset="38754150" timestamp="2016-04-21T11:00:18Z" user="anushap" uid="2901769" lat="17.9966356" lon="79.5501737"/>
 <node id="4138415992" visible="true" version="1" changeset="38754150" timestamp="2016-04-21T11:00:18Z" user="anushap" uid="2901769" lat="17.9966369" lon="79.5502367"/>
 <node id="4138415994" visible="true" version="1" changeset="38754150" timestamp="2016-04-21T11:00:18Z" user="anushap" uid="2901769" lat="17.9966487" lon="79.5503672"/>
 <node id="4138416001" visible="true" version="1" changeset="38754150" timestamp="2016-04-21T11:00:18Z" user="anushap" uid="2901769" lat="17.9966582" lon="79.5496163"/>
 <node id="4138416003" visible="true" version="1" changeset="38754150" timestamp="2016-04-21T11:00:18Z" user="anushap" uid="2901769" lat="17.9966742" lon="79.5504316"/>
 <node id="4138416007" visible="true" version="1" changeset="38754150" timestamp="2016-04-21T11:00:18Z" user="anushap" uid="2901769" lat="17.9966964" lon="79.5496923"/>
 <node id="4138416013" visible="true" version="1" changeset="38754150" timestamp="2016-04-21T11:00:18Z" user="anushap" uid="2901769" lat="17.9967345" lon="79.5501714"/>
 <node id="4138416015" visible="true" version="1" changeset="38754150" timestamp="2016-04-21T11:00:18Z" user="anushap" uid="2901769" lat="17.9967358" lon="79.5502344"/>
 <node id="4138416026" visible="true" version="1" changeset="38754150" timestamp="2016-04-21T11:00:19Z" user="anushap" uid="2901769" lat="17.9968107" lon="79.5499566"/>
 <node id="4138416027" visible="true" version="1" changeset="38754150" timestamp="2016-04-21T11:00:19Z" user="anushap" uid="2901769" lat="17.9968107" lon="79.5500673"/>
 <node id="4138416036" visible="true" version="1" changeset="38754150" timestamp="2016-04-21T11:00:19Z" user="anushap" uid="2901769" lat="17.9968827" lon="79.5499566"/>
 <node id="4138416037" visible="true" version="1" changeset="38754150" timestamp="2016-04-21T11:00:19Z" user="anushap" uid="2901769" lat="17.9968827" lon="79.5500673"/>
 <node id="4138416040" visible="true" version="1" changeset="38754150" timestamp="2016-04-21T11:00:19Z" user="anushap" uid="2901769" lat="17.9968958" lon="79.5495158"/>
 <node id="4138416045" visible="true" version="1" changeset="38754150" timestamp="2016-04-21T11:00:19Z" user="anushap" uid="2901769" lat="17.9969507" lon="79.5496250"/>
 <node id="4138416047" visible="true" version="1" changeset="38754150" timestamp="2016-04-21T11:00:19Z" user="anushap" uid="2901769" lat="17.9969600" lon="79.5494802"/>
 <node id="4138416049" visible="true" version="1" changeset="38754150" timestamp="2016-04-21T11:00:19Z" user="anushap" uid="2901769" lat="17.9969812" lon="79.5494489"/>
 <node id="4138416056" visible="true" version="1" changeset="38754150" timestamp="2016-04-21T11:00:19Z" user="anushap" uid="2901769" lat="17.9970042" lon="79.5496988"/>
 <node id="4138416058" visible="true" version="1" changeset="38754150" timestamp="2016-04-21T11:00:19Z" user="anushap" uid="2901769" lat="17.9970144" lon="79.5496042"/>
 <node id="4138416059" visible="true" version="1" changeset="38754150" timestamp="2016-04-21T11:00:19Z" user="anushap" uid="2901769" lat="17.9970149" lon="79.5495894"/>
 <node id="4138416062" visible="true" version="1" changeset="38754150" timestamp="2016-04-21T11:00:19Z" user="anushap" uid="2901769" lat="17.9970444" lon="79.5495747"/>
 <node id="4138416065" visible="true" version="1" changeset="38754150" timestamp="2016-04-21T11:00:19Z" user="anushap" uid="2901769" lat="17.9970530" lon="79.5498168"/>
 <node id="4138416066" visible="true" version="1" changeset="38754150" timestamp="2016-04-21T11:00:19Z" user="anushap" uid="2901769" lat="17.9970568" lon="79.5496747"/>
 <node id="4138416072" visible="true" version="1" changeset="38754150" timestamp="2016-04-21T11:00:19Z" user="anushap" uid="2901769" lat="17.9970919" lon="79.5493875"/>
 <node id="4138416075" visible="true" version="1" changeset="38754150" timestamp="2016-04-21T11:00:19Z" user="anushap" uid="2901769" lat="17.9971057" lon="79.5497927"/>
 <node id="4138416088" visible="true" version="1" changeset="38754150" timestamp="2016-04-21T11:00:20Z" user="anushap" uid="2901769" lat="17.9971551" lon="79.5495133"/>
 <node id="4138453586" visible="true" version="1" changeset="38754477" timestamp="2016-04-21T11:23:59Z" user="anushap" uid="2901769" lat="17.9954352" lon="79.5497819"/>
 <node id="4138453587" visible="true" version="1" changeset="38754477" timestamp="2016-04-21T11:23:59Z" user="anushap" uid="2901769" lat="17.9954677" lon="79.5499107"/>
 <node id="4138453588" visible="true" version="1" changeset="38754477" timestamp="2016-04-21T11:23:59Z" user="anushap" uid="2901769" lat="17.9955291" lon="79.5497557"/>
 <node id="4138453889" visible="true" version="1" changeset="38754477" timestamp="2016-04-21T11:23:59Z" user="anushap" uid="2901769" lat="17.9955617" lon="79.5498844"/>
 <node id="4154837881" visible="true" version="3" changeset="95076575" timestamp="2020-12-01T04:07:53Z" user="VLD131" uid="9345967" lat="17.9885931" lon="79.5305024"/>
 <node id="4154837885" visible="true" version="4" changeset="95075979" timestamp="2020-12-01T03:35:35Z" user="VLD131" uid="9345967" lat="17.9889309" lon="79.5312585"/>
 <node id="4154849547" visible="true" version="2" changeset="89975312" timestamp="2020-08-26T13:28:49Z" user="v_ravali" uid="11621703" lat="17.9890780" lon="79.5315618"/>
 <node id="4154849548" visible="true" version="2" changeset="89975312" timestamp="2020-08-26T13:28:49Z" user="v_ravali" uid="11621703" lat="17.9906878" lon="79.5349700"/>
 <node id="4155204241" visible="true" version="2" changeset="89975312" timestamp="2020-08-26T13:28:49Z" user="v_ravali" uid="11621703" lat="17.9923088" lon="79.5383067"/>
 <node id="4155293284" visible="true" version="4" changeset="95133704" timestamp="2020-12-02T06:33:10Z" user="VLD140" uid="10769043" lat="17.9898404" lon="79.5636066"/>
 <node id="4155293389" visible="true" version="3" changeset="91789349" timestamp="2020-09-30T21:35:45Z" user="Srikar Rao" uid="11468036" lat="17.9900854" lon="79.5629797"/>
 <node id="4155293431" visible="true" version="2" changeset="91789349" timestamp="2020-09-30T21:35:45Z" user="Srikar Rao" uid="11468036" lat="17.9921603" lon="79.5568788"/>
 <node id="4155293441" visible="true" version="2" changeset="91789349" timestamp="2020-09-30T21:35:45Z" user="Srikar Rao" uid="11468036" lat="17.9935221" lon="79.5549070"/>
 <node id="4191362939" visible="true" version="1" changeset="39371409" timestamp="2016-05-17T09:01:43Z" user="Chenna2701" uid="3779589" lat="17.9955144" lon="79.5502287"/>
 <node id="4191362940" visible="true" version="2" changeset="89974036" timestamp="2020-08-26T12:58:09Z" user="v_ravali" uid="11621703" lat="17.9960858" lon="79.5499746"/>
 <node id="4191362941" visible="true" version="2" changeset="89974036" timestamp="2020-08-26T12:58:09Z" user="v_ravali" uid="11621703" lat="17.9968587" lon="79.5518224"/>
 <node id="4191362942" visible="true" version="1" changeset="39371409" timestamp="2016-05-17T09:01:43Z" user="Chenna2701" uid="3779589" lat="17.9968363" lon="79.5496956"/>
 <node id="4191362943" visible="true" version="2" changeset="89974036" timestamp="2020-08-26T12:58:09Z" user="v_ravali" uid="11621703" lat="17.9971194" lon="79.5525320"/>
 <node id="4191362944" visible="true" version="1" changeset="39371409" timestamp="2016-05-17T09:01:43Z" user="Chenna2701" uid="3779589" lat="17.9975252" lon="79.5511165"/>
 <node id="4191362945" visible="true" version="1" changeset="39371409" timestamp="2016-05-17T09:01:43Z" user="Chenna2701" uid="3779589" lat="17.9976706" lon="79.5514893"/>
 <node id="4191362946" visible="true" version="2" changeset="115331832" timestamp="2021-12-24T11:13:27Z" user="Jobigutenburg" uid="10504312" lat="17.9979250" lon="79.5521717"/>
 <node id="4191377956" visible="true" version="2" changeset="89974198" timestamp="2020-08-26T13:01:59Z" user="v_ravali" uid="11621703" lat="17.9944539" lon="79.5444372"/>
 <node id="4191377958" visible="true" version="2" changeset="89974198" timestamp="2020-08-26T13:01:59Z" user="v_ravali" uid="11621703" lat="17.9946606" lon="79.5455289"/>
 <node id="4191424994" visible="true" version="2" changeset="91789349" timestamp="2020-09-30T21:35:45Z" user="Srikar Rao" uid="11468036" lat="17.9924807" lon="79.5562369"/>
 <node id="4273406597" visible="true" version="2" changeset="91789349" timestamp="2020-09-30T21:35:45Z" user="Srikar Rao" uid="11468036" lat="17.9902320" lon="79.5625522"/>
 <node id="4273406598" visible="true" version="2" changeset="91789349" timestamp="2020-09-30T21:35:45Z" user="Srikar Rao" uid="11468036" lat="17.9905581" lon="79.5618935"/>
 <node id="4408996025" visible="true" version="3" changeset="89974036" timestamp="2020-08-26T12:58:09Z" user="v_ravali" uid="11621703" lat="17.9974189" lon="79.5536698"/>
 <node id="4408996027" visible="true" version="1" changeset="42287895" timestamp="2016-09-20T02:26:20Z" user="ika-chan! UK-USA" uid="1016290" lat="17.9975311" lon="79.5539414"/>
 <node id="4408996028" visible="true" version="1" changeset="42287895" timestamp="2016-09-20T02:26:20Z" user="ika-chan! UK-USA" uid="1016290" lat="17.9975974" lon="79.5541104"/>
 <node id="4408996032" visible="true" version="1" changeset="42287895" timestamp="2016-09-20T02:26:20Z" user="ika-chan! UK-USA" uid="1016290" lat="17.9976803" lon="79.5542740"/>
 <node id="4408996034" visible="true" version="2" changeset="42287922" timestamp="2016-09-20T02:30:25Z" user="ika-chan! UK-USA" uid="1016290" lat="17.9977447" lon="79.5544055"/>
 <node id="4710059342" visible="true" version="1" changeset="46470812" timestamp="2017-02-28T15:42:21Z" user="BalaSubramaniyan" uid="4703308" lat="17.9964481" lon="79.5518520">
  <tag k="name" v="Adalat Post Office"/>
 </node>
 <node id="5412072008" visible="true" version="1" changeset="56350396" timestamp="2018-02-14T11:41:34Z" user="Sreedhar Kasu" uid="7611863" lat="17.9959364" lon="79.5513783">
  <tag k="government" v="education"/>
  <tag k="name" v="D E O office"/>
  <tag k="office" v="government"/>
 </node>
 <node id="5412074445" visible="true" version="1" changeset="56350435" timestamp="2018-02-14T11:43:23Z" user="Sreedhar Kasu" uid="7611863" lat="17.9963293" lon="79.5529393">
  <tag k="government" v="legislative"/>
  <tag k="name" v="Zilla Parishad"/>
  <tag k="office" v="government"/>
 </node>
 <node id="6308251016" visible="true" version="2" changeset="78957306" timestamp="2019-12-28T14:55:16Z" user="Dakait" uid="10579570" lat="17.9966955" lon="79.5508754">
  <tag k="addr:postcode" v="506004"/>
  <tag k="name" v="Hollywood Shoes"/>
  <tag k="payment:cash" v="yes"/>
  <tag k="payment:credit_cards" v="yes"/>
  <tag k="payment:debit_cards" v="yes"/>
  <tag k="payment:maestro" v="yes"/>
  <tag k="payment:mastercard" v="yes"/>
  <tag k="payment:visa" v="yes"/>
  <tag k="shop" v="shoes"/>
 </node>
 <node id="7088226943" visible="true" version="1" changeset="78924522" timestamp="2019-12-27T12:19:37Z" user="s goud" uid="10593417" lat="17.9962762" lon="79.5519254"/>
 <node id="7088226944" visible="true" version="1" changeset="78924522" timestamp="2019-12-27T12:19:37Z" user="s goud" uid="10593417" lat="17.9960641" lon="79.5521526"/>
 <node id="7088226945" visible="true" version="1" changeset="78924522" timestamp="2019-12-27T12:19:37Z" user="s goud" uid="10593417" lat="17.9961057" lon="79.5522005"/>
 <node id="7088226946" visible="true" version="1" changeset="78924522" timestamp="2019-12-27T12:19:37Z" user="s goud" uid="10593417" lat="17.9963119" lon="79.5519692"/>
 <node id="7088238056" visible="true" version="1" changeset="78924753" timestamp="2019-12-27T12:25:46Z" user="s goud" uid="10593417" lat="17.9974150" lon="79.5529489"/>
 <node id="7088238057" visible="true" version="1" changeset="78924753" timestamp="2019-12-27T12:25:46Z" user="s goud" uid="10593417" lat="17.9975675" lon="79.5528548"/>
 <node id="7088238058" visible="true" version="1" changeset="78924753" timestamp="2019-12-27T12:25:46Z" user="s goud" uid="10593417" lat="17.9976074" lon="79.5529387"/>
 <node id="7088238059" visible="true" version="1" changeset="78924753" timestamp="2019-12-27T12:25:46Z" user="s goud" uid="10593417" lat="17.9974503" lon="79.5530269"/>
 <node id="7088811109" visible="true" version="2" changeset="145006054" timestamp="2023-12-11T16:18:23Z" user="syedk" uid="19820024" lat="17.9961528" lon="79.5508238"/>
 <node id="7088811110" visible="true" version="2" changeset="145006054" timestamp="2023-12-11T16:18:23Z" user="syedk" uid="19820024" lat="17.9961961" lon="79.5509126"/>
 <node id="7088811111" visible="true" version="1" changeset="78931048" timestamp="2019-12-27T15:00:59Z" user="pmanupati" uid="10593419" lat="17.9960352" lon="79.5510136"/>
 <node id="7088811112" visible="true" version="1" changeset="78931048" timestamp="2019-12-27T15:00:59Z" user="pmanupati" uid="10593419" lat="17.9959989" lon="79.5509315"/>
 <node id="7457522925" visible="true" version="1" changeset="84261810" timestamp="2020-04-28T11:12:34Z" user="Sjk2" uid="8750904" lat="17.9976315" lon="79.5495935"/>
 <node id="7457522926" visible="true" version="1" changeset="84261810" timestamp="2020-04-28T11:12:34Z" user="Sjk2" uid="8750904" lat="17.9977055" lon="79.5497386"/>
 <node id="7457522927" visible="true" version="1" changeset="84261810" timestamp="2020-04-28T11:12:34Z" user="Sjk2" uid="8750904" lat="17.9978214" lon="79.5496733"/>
 <node id="7457522928" visible="true" version="1" changeset="84261810" timestamp="2020-04-28T11:12:34Z" user="Sjk2" uid="8750904" lat="17.9978053" lon="79.5496417"/>
 <node id="7457522929" visible="true" version="1" changeset="84261810" timestamp="2020-04-28T11:12:34Z" user="Sjk2" uid="8750904" lat="17.9978226" lon="79.5496320"/>
 <node id="7457522930" visible="true" version="1" changeset="84261810" timestamp="2020-04-28T11:12:34Z" user="Sjk2" uid="8750904" lat="17.9978026" lon="79.5495927"/>
 <node id="7457522931" visible="true" version="1" changeset="84261810" timestamp="2020-04-28T11:12:34Z" user="Sjk2" uid="8750904" lat="17.9977889" lon="79.5496004"/>
 <node id="7457522932" visible="true" version="1" changeset="84261810" timestamp="2020-04-28T11:12:34Z" user="Sjk2" uid="8750904" lat="17.9977510" lon="79.5495261"/>
 <node id="7457571339" visible="true" version="1" changeset="84261881" timestamp="2020-04-28T11:13:39Z" user="Sjk2" uid="8750904" lat="17.9977125" lon="79.5495265"/>
 <node id="7457571340" visible="true" version="1" changeset="84261881" timestamp="2020-04-28T11:13:39Z" user="Sjk2" uid="8750904" lat="17.9975655" lon="79.5496105"/>
 <node id="7457571341" visible="true" version="1" changeset="84261881" timestamp="2020-04-28T11:13:39Z" user="Sjk2" uid="8750904" lat="17.9975237" lon="79.5495295"/>
 <node id="7457571342" visible="true" version="1" changeset="84261881" timestamp="2020-04-28T11:13:39Z" user="Sjk2" uid="8750904" lat="17.9976706" lon="79.5494456"/>
 <node id="7832815497" visible="true" version="2" changeset="89975312" timestamp="2020-08-26T13:28:49Z" user="v_ravali" uid="11621703" lat="17.9859496" lon="79.5244227"/>
 <node id="7832815503" visible="true" version="3" changeset="95342928" timestamp="2020-12-05T17:50:57Z" user="VLD110" uid="9153383" lat="17.9858687" lon="79.5242575"/>
 <node id="7846446295" visible="true" version="2" changeset="89974198" timestamp="2020-08-26T13:01:59Z" user="v_ravali" uid="11621703" lat="17.9943805" lon="79.5440344"/>
 <node id="7846498716" visible="true" version="3" changeset="94741136" timestamp="2020-11-25T02:51:01Z" user="VLD140" uid="10769043" lat="17.9964059" lon="79.5509505"/>
 <node id="7846498717" visible="true" version="3" changeset="91789349" timestamp="2020-09-30T21:35:45Z" user="Srikar Rao" uid="11468036" lat="17.9964910" lon="79.5511704"/>
 <node id="7846498718" visible="true" version="2" changeset="91789349" timestamp="2020-09-30T21:35:45Z" user="Srikar Rao" uid="11468036" lat="17.9966055" lon="79.5516265"/>
 <node id="7846498719" visible="true" version="2" changeset="91789349" timestamp="2020-09-30T21:35:45Z" user="Srikar Rao" uid="11468036" lat="17.9966649" lon="79.5516289"/>
 <node id="7846498720" visible="true" version="1" changeset="89974036" timestamp="2020-08-26T12:58:09Z" user="v_ravali" uid="11621703" lat="17.9969990" lon="79.5525491"/>
 <node id="7846498721" visible="true" version="2" changeset="91789349" timestamp="2020-09-30T21:35:45Z" user="Srikar Rao" uid="11468036" lat="17.9966899" lon="79.5510309"/>
 <node id="7846498722" visible="true" version="2" changeset="89974198" timestamp="2020-08-26T13:01:59Z" user="v_ravali" uid="11621703" lat="17.9957916" lon="79.5496160"/>
 <node id="7846498723" visible="true" version="1" changeset="89974036" timestamp="2020-08-26T12:58:09Z" user="v_ravali" uid="11621703" lat="17.9959978" lon="79.5500443"/>
 <node id="7846498724" visible="true" version="2" changeset="94741136" timestamp="2020-11-25T02:51:01Z" user="VLD140" uid="10769043" lat="17.9961904" lon="79.5504337"/>
 <node id="7846498726" visible="true" version="2" changeset="91789349" timestamp="2020-09-30T21:35:45Z" user="Srikar Rao" uid="11468036" lat="17.9967604" lon="79.5515570"/>
 <node id="7846498727" visible="true" version="1" changeset="89974036" timestamp="2020-08-26T12:58:09Z" user="v_ravali" uid="11621703" lat="17.9973161" lon="79.5534207"/>
 <node id="7846525297" visible="true" version="1" changeset="89974198" timestamp="2020-08-26T13:01:59Z" user="v_ravali" uid="11621703" lat="17.9941771" lon="79.5438522"/>
 <node id="7846525298" visible="true" version="1" changeset="89974198" timestamp="2020-08-26T13:01:59Z" user="v_ravali" uid="11621703" lat="17.9941323" lon="79.5436774"/>
 <node id="7846525299" visible="true" version="2" changeset="89975312" timestamp="2020-08-26T13:28:49Z" user="v_ravali" uid="11621703" lat="17.9940335" lon="79.5433505"/>
 <node id="7846525300" visible="true" version="1" changeset="89974198" timestamp="2020-08-26T13:01:59Z" user="v_ravali" uid="11621703" lat="17.9943447" lon="79.5444569"/>
 <node id="7846525301" visible="true" version="1" changeset="89974198" timestamp="2020-08-26T13:01:59Z" user="v_ravali" uid="11621703" lat="17.9945613" lon="79.5455595"/>
 <node id="7846525302" visible="true" version="1" changeset="89974198" timestamp="2020-08-26T13:01:59Z" user="v_ravali" uid="11621703" lat="17.9947580" lon="79.5464753"/>
 <node id="7846525304" visible="true" version="1" changeset="89974198" timestamp="2020-08-26T13:01:59Z" user="v_ravali" uid="11621703" lat="17.9948613" lon="79.5464337"/>
 <node id="7846525305" visible="true" version="3" changeset="122223935" timestamp="2022-06-10T18:51:26Z" user="Sunil0435" uid="16249890" lat="17.9950701" lon="79.5478981"/>
 <node id="7846525306" visible="true" version="1" changeset="89974198" timestamp="2020-08-26T13:01:59Z" user="v_ravali" uid="11621703" lat="17.9952484" lon="79.5483924"/>
 <node id="7846577122" visible="true" version="2" changeset="95342928" timestamp="2020-12-05T17:50:57Z" user="VLD110" uid="9153383" lat="17.9859077" lon="79.5245100"/>
 <node id="7846577157" visible="true" version="2" changeset="95342928" timestamp="2020-12-05T17:50:57Z" user="VLD110" uid="9153383" lat="17.9857640" lon="79.5241959"/>
 <node id="7846577158" visible="true" version="1" changeset="89975312" timestamp="2020-08-26T13:28:49Z" user="v_ravali" uid="11621703" lat="17.9937661" lon="79.5423039"/>
 <node id="7846577159" visible="true" version="1" changeset="89975312" timestamp="2020-08-26T13:28:49Z" user="v_ravali" uid="11621703" lat="17.9937813" lon="79.5420083"/>
 <node id="7846577163" visible="true" version="1" changeset="89975312" timestamp="2020-08-26T13:28:49Z" user="v_ravali" uid="11621703" lat="17.9863675" lon="79.5258008"/>
 <node id="7846577164" visible="true" version="1" changeset="89975312" timestamp="2020-08-26T13:28:49Z" user="v_ravali" uid="11621703" lat="17.9867142" lon="79.5268075"/>
 <node id="7846577165" visible="true" version="1" changeset="89975312" timestamp="2020-08-26T13:28:49Z" user="v_ravali" uid="11621703" lat="17.9875908" lon="79.5286667"/>
 <node id="7846577166" visible="true" version="1" changeset="89975312" timestamp="2020-08-26T13:28:49Z" user="v_ravali" uid="11621703" lat="17.9884877" lon="79.5305595"/>
 <node id="7846577167" visible="true" version="1" changeset="89975312" timestamp="2020-08-26T13:28:49Z" user="v_ravali" uid="11621703" lat="17.9895356" lon="79.5328089"/>
 <node id="7846577168" visible="true" version="1" changeset="89975312" timestamp="2020-08-26T13:28:49Z" user="v_ravali" uid="11621703" lat="17.9912078" lon="79.5363145"/>
 <node id="7846577169" visible="true" version="2" changeset="95342928" timestamp="2020-12-05T17:50:57Z" user="VLD110" uid="9153383" lat="17.9923001" lon="79.5385332"/>
 <node id="7846577170" visible="true" version="1" changeset="89975312" timestamp="2020-08-26T13:28:49Z" user="v_ravali" uid="11621703" lat="17.9927860" lon="79.5395525"/>
 <node id="7846577171" visible="true" version="2" changeset="94825890" timestamp="2020-11-26T09:06:27Z" user="VLD146" uid="10797461" lat="17.9931278" lon="79.5403327"/>
 <node id="7846577172" visible="true" version="1" changeset="89975312" timestamp="2020-08-26T13:28:49Z" user="v_ravali" uid="11621703" lat="17.9933065" lon="79.5407675"/>
 <node id="7846577173" visible="true" version="1" changeset="89975312" timestamp="2020-08-26T13:28:49Z" user="v_ravali" uid="11621703" lat="17.9934952" lon="79.5413630"/>
 <node id="7846577174" visible="true" version="1" changeset="89975312" timestamp="2020-08-26T13:28:49Z" user="v_ravali" uid="11621703" lat="17.9936968" lon="79.5420375"/>
 <node id="7846577175" visible="true" version="2" changeset="95342928" timestamp="2020-12-05T17:50:57Z" user="VLD110" uid="9153383" lat="17.9860068" lon="79.5247370"/>
 <node id="7846577176" visible="true" version="1" changeset="89975312" timestamp="2020-08-26T13:28:49Z" user="v_ravali" uid="11621703" lat="17.9876724" lon="79.5286024"/>
 <node id="7846577177" visible="true" version="2" changeset="110225017" timestamp="2021-08-25T11:16:59Z" user="Rushabh Y" uid="13984679" lat="17.9889797" lon="79.5316661"/>
 <node id="7846577178" visible="true" version="1" changeset="89975312" timestamp="2020-08-26T13:28:49Z" user="v_ravali" uid="11621703" lat="17.9893660" lon="79.5324709"/>
 <node id="7846577179" visible="true" version="1" changeset="89975312" timestamp="2020-08-26T13:28:49Z" user="v_ravali" uid="11621703" lat="17.9901239" lon="79.5340424"/>
 <node id="7846577180" visible="true" version="1" changeset="89975312" timestamp="2020-08-26T13:28:49Z" user="v_ravali" uid="11621703" lat="17.9904340" lon="79.5346814"/>
 <node id="7846577181" visible="true" version="2" changeset="95075840" timestamp="2020-12-01T03:23:49Z" user="VLD131" uid="9345967" lat="17.9905933" lon="79.5350075"/>
 <node id="7846577182" visible="true" version="1" changeset="89975312" timestamp="2020-08-26T13:28:49Z" user="v_ravali" uid="11621703" lat="17.9910699" lon="79.5360121"/>
 <node id="7846577183" visible="true" version="1" changeset="89975312" timestamp="2020-08-26T13:28:49Z" user="v_ravali" uid="11621703" lat="17.9915290" lon="79.5369579"/>
 <node id="7846577184" visible="true" version="1" changeset="89975312" timestamp="2020-08-26T13:28:49Z" user="v_ravali" uid="11621703" lat="17.9917316" lon="79.5374019"/>
 <node id="7846579385" visible="true" version="2" changeset="95342928" timestamp="2020-12-05T17:50:57Z" user="VLD110" uid="9153383" lat="17.9922243" lon="79.5383712"/>
 <node id="7846579387" visible="true" version="2" changeset="89975340" timestamp="2020-08-26T13:29:28Z" user="v_ravali" uid="11621703" lat="17.9933651" lon="79.5409692"/>
 <node id="7961079878" visible="true" version="1" changeset="91787787" timestamp="2020-09-30T20:32:58Z" user="Srikar Rao" uid="11468036" lat="17.9854580" lon="79.5734006"/>
 <node id="7961079883" visible="true" version="1" changeset="91787787" timestamp="2020-09-30T20:32:58Z" user="Srikar Rao" uid="11468036" lat="17.9851143" lon="79.5739545"/>
 <node id="7961098591" visible="true" version="1" changeset="91787787" timestamp="2020-09-30T20:32:58Z" user="Srikar Rao" uid="11468036" lat="17.9853421" lon="79.5735875"/>
 <node id="7961098593" visible="true" version="1" changeset="91787787" timestamp="2020-09-30T20:32:58Z" user="Srikar Rao" uid="11468036" lat="17.9853634" lon="79.5735538"/>
 <node id="7961098595" visible="true" version="1" changeset="91787787" timestamp="2020-09-30T20:32:58Z" user="Srikar Rao" uid="11468036" lat="17.9851352" lon="79.5739228"/>
 <node id="7961098597" visible="true" version="1" changeset="91787787" timestamp="2020-09-30T20:32:58Z" user="Srikar Rao" uid="11468036" lat="17.9839547" lon="79.5762647"/>
 <node id="7961098598" visible="true" version="1" changeset="91787787" timestamp="2020-09-30T20:32:58Z" user="Srikar Rao" uid="11468036" lat="17.9860027" lon="79.5721373"/>
 <node id="7961098599" visible="true" version="1" changeset="91787787" timestamp="2020-09-30T20:32:58Z" user="Srikar Rao" uid="11468036" lat="17.9859274" lon="79.5722647"/>
 <node id="7961098607" visible="true" version="1" changeset="91787787" timestamp="2020-09-30T20:32:58Z" user="Srikar Rao" uid="11468036" lat="17.9840916" lon="79.5759563"/>
 <node id="7961098616" visible="true" version="1" changeset="91787787" timestamp="2020-09-30T20:32:58Z" user="Srikar Rao" uid="11468036" lat="17.9829286" lon="79.5789206"/>
 <node id="7961098617" visible="true" version="1" changeset="91787787" timestamp="2020-09-30T20:32:58Z" user="Srikar Rao" uid="11468036" lat="17.9836646" lon="79.5769606"/>
 <node id="7961098618" visible="true" version="1" changeset="91787787" timestamp="2020-09-30T20:32:58Z" user="Srikar Rao" uid="11468036" lat="17.9843845" lon="79.5753245"/>
 <node id="7961098619" visible="true" version="1" changeset="91787787" timestamp="2020-09-30T20:32:58Z" user="Srikar Rao" uid="11468036" lat="17.9850689" lon="79.5740245"/>
 <node id="7961098621" visible="true" version="1" changeset="91787787" timestamp="2020-09-30T20:32:58Z" user="Srikar Rao" uid="11468036" lat="17.9856583" lon="79.5729580"/>
 <node id="7961098625" visible="true" version="1" changeset="91787787" timestamp="2020-09-30T20:32:58Z" user="Srikar Rao" uid="11468036" lat="17.9862846" lon="79.5719039"/>
 <node id="7961098626" visible="true" version="1" changeset="91787787" timestamp="2020-09-30T20:32:58Z" user="Srikar Rao" uid="11468036" lat="17.9860984" lon="79.5720220"/>
 <node id="7961098627" visible="true" version="1" changeset="91787787" timestamp="2020-09-30T20:32:58Z" user="Srikar Rao" uid="11468036" lat="17.9858152" lon="79.5725128"/>
 <node id="7961098628" visible="true" version="1" changeset="91787787" timestamp="2020-09-30T20:32:58Z" user="Srikar Rao" uid="11468036" lat="17.9855448" lon="79.5732370"/>
 <node id="7961098629" visible="true" version="1" changeset="91787787" timestamp="2020-09-30T20:32:58Z" user="Srikar Rao" uid="11468036" lat="17.9853892" lon="79.5735133"/>
 <node id="7961098630" visible="true" version="1" changeset="91787787" timestamp="2020-09-30T20:32:58Z" user="Srikar Rao" uid="11468036" lat="17.9852004" lon="79.5738110"/>
 <node id="7961098631" visible="true" version="1" changeset="91787787" timestamp="2020-09-30T20:32:58Z" user="Srikar Rao" uid="11468036" lat="17.9849478" lon="79.5742241"/>
 <node id="7961098632" visible="true" version="1" changeset="91787787" timestamp="2020-09-30T20:32:58Z" user="Srikar Rao" uid="11468036" lat="17.9846621" lon="79.5747551"/>
 <node id="7961098633" visible="true" version="1" changeset="91787787" timestamp="2020-09-30T20:32:58Z" user="Srikar Rao" uid="11468036" lat="17.9842258" lon="79.5756537"/>
 <node id="7961098634" visible="true" version="1" changeset="91787787" timestamp="2020-09-30T20:32:58Z" user="Srikar Rao" uid="11468036" lat="17.9838355" lon="79.5765334"/>
 <node id="7961098635" visible="true" version="1" changeset="91787787" timestamp="2020-09-30T20:32:58Z" user="Srikar Rao" uid="11468036" lat="17.9835421" lon="79.5772549"/>
 <node id="7961098636" visible="true" version="1" changeset="91787787" timestamp="2020-09-30T20:32:58Z" user="Srikar Rao" uid="11468036" lat="17.9832615" lon="79.5779684"/>
 <node id="7961098637" visible="true" version="1" changeset="91787787" timestamp="2020-09-30T20:32:58Z" user="Srikar Rao" uid="11468036" lat="17.9830118" lon="79.5787034"/>
 <node id="7961098638" visible="true" version="1" changeset="91787787" timestamp="2020-09-30T20:32:58Z" user="Srikar Rao" uid="11468036" lat="17.9832029" lon="79.5781410"/>
 <node id="7961098639" visible="true" version="1" changeset="91787787" timestamp="2020-09-30T20:32:58Z" user="Srikar Rao" uid="11468036" lat="17.9826479" lon="79.5793793"/>
 <node id="7961098666" visible="true" version="1" changeset="91787787" timestamp="2020-09-30T20:32:58Z" user="Srikar Rao" uid="11468036" lat="17.9827877" lon="79.5792255"/>
 <node id="7961098667" visible="true" version="1" changeset="91787787" timestamp="2020-09-30T20:32:58Z" user="Srikar Rao" uid="11468036" lat="17.9828527" lon="79.5791028"/>
 <node id="7961098676" visible="true" version="1" changeset="91787787" timestamp="2020-09-30T20:32:58Z" user="Srikar Rao" uid="11468036" lat="17.9827219" lon="79.5793135"/>
 <node id="7961098677" visible="true" version="1" changeset="91787787" timestamp="2020-09-30T20:32:58Z" user="Srikar Rao" uid="11468036" lat="17.9825739" lon="79.5794249"/>
 <node id="7961098678" visible="true" version="1" changeset="91787787" timestamp="2020-09-30T20:32:58Z" user="Srikar Rao" uid="11468036" lat="17.9823265" lon="79.5795536"/>
 <node id="7961098679" visible="true" version="1" changeset="91787787" timestamp="2020-09-30T20:32:58Z" user="Srikar Rao" uid="11468036" lat="17.9821543" lon="79.5796153"/>
 <node id="7961098680" visible="true" version="1" changeset="91787787" timestamp="2020-09-30T20:32:58Z" user="Srikar Rao" uid="11468036" lat="17.9819961" lon="79.5796582"/>
 <node id="7961098681" visible="true" version="1" changeset="91787787" timestamp="2020-09-30T20:32:58Z" user="Srikar Rao" uid="11468036" lat="17.9818992" lon="79.5796663"/>
 <node id="7961098682" visible="true" version="1" changeset="91787787" timestamp="2020-09-30T20:32:58Z" user="Srikar Rao" uid="11468036" lat="17.9816976" lon="79.5796743"/>
 <node id="7961098683" visible="true" version="1" changeset="91787787" timestamp="2020-09-30T20:32:58Z" user="Srikar Rao" uid="11468036" lat="17.9812728" lon="79.5796850"/>
 <node id="7961098684" visible="true" version="1" changeset="91787787" timestamp="2020-09-30T20:32:58Z" user="Srikar Rao" uid="11468036" lat="17.9809590" lon="79.5797078"/>
 <node id="7961098686" visible="true" version="1" changeset="91787787" timestamp="2020-09-30T20:32:58Z" user="Srikar Rao" uid="11468036" lat="17.9802727" lon="79.5798413"/>
 <node id="7961098806" visible="true" version="1" changeset="91787787" timestamp="2020-09-30T20:32:58Z" user="Srikar Rao" uid="11468036" lat="17.9806822" lon="79.5797521"/>
 <node id="7961136309" visible="true" version="1" changeset="91788673" timestamp="2020-09-30T21:06:38Z" user="Srikar Rao" uid="11468036" lat="17.9892682" lon="79.5652169"/>
 <node id="7961136383" visible="true" version="1" changeset="91788673" timestamp="2020-09-30T21:06:38Z" user="Srikar Rao" uid="11468036" lat="17.9863956" lon="79.5718677"/>
 <node id="7961148091" visible="true" version="2" changeset="91789349" timestamp="2020-09-30T21:35:45Z" user="Srikar Rao" uid="11468036" lat="17.9879696" lon="79.5696039"/>
 <node id="7961148094" visible="true" version="1" changeset="91788673" timestamp="2020-09-30T21:06:38Z" user="Srikar Rao" uid="11468036" lat="17.9874966" lon="79.5714465"/>
 <node id="7961148095" visible="true" version="1" changeset="91788673" timestamp="2020-09-30T21:06:38Z" user="Srikar Rao" uid="11468036" lat="17.9875413" lon="79.5713355"/>
 <node id="7961148096" visible="true" version="1" changeset="91788673" timestamp="2020-09-30T21:06:38Z" user="Srikar Rao" uid="11468036" lat="17.9876740" lon="79.5708711"/>
 <node id="7961148097" visible="true" version="1" changeset="91788673" timestamp="2020-09-30T21:06:38Z" user="Srikar Rao" uid="11468036" lat="17.9902222" lon="79.5628434"/>
 <node id="7961148098" visible="true" version="1" changeset="91788673" timestamp="2020-09-30T21:06:38Z" user="Srikar Rao" uid="11468036" lat="17.9900335" lon="79.5633866"/>
 <node id="7961148099" visible="true" version="1" changeset="91788673" timestamp="2020-09-30T21:06:38Z" user="Srikar Rao" uid="11468036" lat="17.9897158" lon="79.5641497"/>
 <node id="7961148100" visible="true" version="2" changeset="91789349" timestamp="2020-09-30T21:35:45Z" user="Srikar Rao" uid="11468036" lat="17.9893191" lon="79.5651032"/>
 <node id="7961148101" visible="true" version="1" changeset="91788673" timestamp="2020-09-30T21:06:38Z" user="Srikar Rao" uid="11468036" lat="17.9889888" lon="79.5659065"/>
 <node id="7961148102" visible="true" version="2" changeset="91789349" timestamp="2020-09-30T21:35:45Z" user="Srikar Rao" uid="11468036" lat="17.9886929" lon="79.5667327"/>
 <node id="7961148103" visible="true" version="2" changeset="91789349" timestamp="2020-09-30T21:35:45Z" user="Srikar Rao" uid="11468036" lat="17.9883957" lon="79.5678498"/>
 <node id="7961148104" visible="true" version="1" changeset="91788673" timestamp="2020-09-30T21:06:38Z" user="Srikar Rao" uid="11468036" lat="17.9881303" lon="79.5689388"/>
 <node id="7961148105" visible="true" version="1" changeset="91788673" timestamp="2020-09-30T21:06:38Z" user="Srikar Rao" uid="11468036" lat="17.9879326" lon="79.5697595"/>
 <node id="7961148106" visible="true" version="1" changeset="91788673" timestamp="2020-09-30T21:06:38Z" user="Srikar Rao" uid="11468036" lat="17.9878437" lon="79.5701615"/>
 <node id="7961148107" visible="true" version="1" changeset="91788673" timestamp="2020-09-30T21:06:38Z" user="Srikar Rao" uid="11468036" lat="17.9877474" lon="79.5705699"/>
 <node id="7961148108" visible="true" version="1" changeset="91788673" timestamp="2020-09-30T21:06:38Z" user="Srikar Rao" uid="11468036" lat="17.9877037" lon="79.5707499"/>
 <node id="7961148109" visible="true" version="1" changeset="91788673" timestamp="2020-09-30T21:06:38Z" user="Srikar Rao" uid="11468036" lat="17.9874779" lon="79.5714857"/>
 <node id="7961148110" visible="true" version="1" changeset="91788673" timestamp="2020-09-30T21:06:38Z" user="Srikar Rao" uid="11468036" lat="17.9874122" lon="79.5715901"/>
 <node id="7961148111" visible="true" version="1" changeset="91788673" timestamp="2020-09-30T21:06:38Z" user="Srikar Rao" uid="11468036" lat="17.9873267" lon="79.5716572"/>
 <node id="7961148112" visible="true" version="1" changeset="91788673" timestamp="2020-09-30T21:06:38Z" user="Srikar Rao" uid="11468036" lat="17.9872056" lon="79.5717108"/>
 <node id="7961148113" visible="true" version="1" changeset="91788673" timestamp="2020-09-30T21:06:38Z" user="Srikar Rao" uid="11468036" lat="17.9869760" lon="79.5717564"/>
 <node id="7961148114" visible="true" version="1" changeset="91788673" timestamp="2020-09-30T21:06:38Z" user="Srikar Rao" uid="11468036" lat="17.9865525" lon="79.5718342"/>
 <node id="7961185912" visible="true" version="1" changeset="91789349" timestamp="2020-09-30T21:35:45Z" user="Srikar Rao" uid="11468036" lat="17.9883379" lon="79.5680870"/>
 <node id="7961185916" visible="true" version="1" changeset="91789349" timestamp="2020-09-30T21:35:45Z" user="Srikar Rao" uid="11468036" lat="17.9887401" lon="79.5665583"/>
 <node id="7961185917" visible="true" version="1" changeset="91789349" timestamp="2020-09-30T21:35:45Z" user="Srikar Rao" uid="11468036" lat="17.9888077" lon="79.5663531"/>
 <node id="7961185919" visible="true" version="1" changeset="91789349" timestamp="2020-09-30T21:35:45Z" user="Srikar Rao" uid="11468036" lat="17.9889757" lon="79.5659440"/>
 <node id="7961185920" visible="true" version="1" changeset="91789349" timestamp="2020-09-30T21:35:45Z" user="Srikar Rao" uid="11468036" lat="17.9901633" lon="79.5630131"/>
 <node id="7961185921" visible="true" version="1" changeset="91789349" timestamp="2020-09-30T21:35:45Z" user="Srikar Rao" uid="11468036" lat="17.9930587" lon="79.5555039"/>
 <node id="7961185922" visible="true" version="1" changeset="91789349" timestamp="2020-09-30T21:35:45Z" user="Srikar Rao" uid="11468036" lat="17.9931223" lon="79.5555537"/>
 <node id="7961185923" visible="true" version="1" changeset="91789349" timestamp="2020-09-30T21:35:45Z" user="Srikar Rao" uid="11468036" lat="17.9965735" lon="79.5511056"/>
 <node id="7961185924" visible="true" version="1" changeset="91789349" timestamp="2020-09-30T21:35:45Z" user="Srikar Rao" uid="11468036" lat="17.9967994" lon="79.5510813"/>
 <node id="7961185925" visible="true" version="1" changeset="91789349" timestamp="2020-09-30T21:35:45Z" user="Srikar Rao" uid="11468036" lat="17.9967235" lon="79.5512172"/>
 <node id="7961185926" visible="true" version="1" changeset="91789349" timestamp="2020-09-30T21:35:45Z" user="Srikar Rao" uid="11468036" lat="17.9966012" lon="79.5511014"/>
 <node id="7961185927" visible="true" version="1" changeset="91789349" timestamp="2020-09-30T21:35:45Z" user="Srikar Rao" uid="11468036" lat="17.9965041" lon="79.5511487"/>
 <node id="7961185928" visible="true" version="1" changeset="91789349" timestamp="2020-09-30T21:35:45Z" user="Srikar Rao" uid="11468036" lat="17.9964889" lon="79.5514726"/>
 <node id="7961185929" visible="true" version="1" changeset="91789349" timestamp="2020-09-30T21:35:45Z" user="Srikar Rao" uid="11468036" lat="17.9963715" lon="79.5512690"/>
 <node id="7961185930" visible="true" version="1" changeset="91789349" timestamp="2020-09-30T21:35:45Z" user="Srikar Rao" uid="11468036" lat="17.9963370" lon="79.5513643"/>
 <node id="7961185931" visible="true" version="1" changeset="91789349" timestamp="2020-09-30T21:35:45Z" user="Srikar Rao" uid="11468036" lat="17.9966135" lon="79.5511043"/>
 <node id="7961185932" visible="true" version="1" changeset="91789349" timestamp="2020-09-30T21:35:45Z" user="Srikar Rao" uid="11468036" lat="17.9964754" lon="79.5512767"/>
 <node id="7961185933" visible="true" version="1" changeset="91789349" timestamp="2020-09-30T21:35:45Z" user="Srikar Rao" uid="11468036" lat="17.9967061" lon="79.5514017"/>
 <node id="7961185934" visible="true" version="1" changeset="91789349" timestamp="2020-09-30T21:35:45Z" user="Srikar Rao" uid="11468036" lat="17.9966454" lon="79.5511129"/>
 <node id="7961185935" visible="true" version="1" changeset="91789349" timestamp="2020-09-30T21:35:45Z" user="Srikar Rao" uid="11468036" lat="17.9966742" lon="79.5511299"/>
 <node id="7961185936" visible="true" version="1" changeset="91789349" timestamp="2020-09-30T21:35:45Z" user="Srikar Rao" uid="11468036" lat="17.9966978" lon="79.5511541"/>
 <node id="7961185937" visible="true" version="1" changeset="91789349" timestamp="2020-09-30T21:35:45Z" user="Srikar Rao" uid="11468036" lat="17.9967146" lon="79.5511839"/>
 <node id="7961185938" visible="true" version="1" changeset="91789349" timestamp="2020-09-30T21:35:45Z" user="Srikar Rao" uid="11468036" lat="17.9967239" lon="79.5512519"/>
 <node id="7961185939" visible="true" version="1" changeset="91789349" timestamp="2020-09-30T21:35:45Z" user="Srikar Rao" uid="11468036" lat="17.9967158" lon="79.5512855"/>
 <node id="7961185940" visible="true" version="1" changeset="91789349" timestamp="2020-09-30T21:35:45Z" user="Srikar Rao" uid="11468036" lat="17.9966996" lon="79.5513157"/>
 <node id="7961185941" visible="true" version="1" changeset="91789349" timestamp="2020-09-30T21:35:45Z" user="Srikar Rao" uid="11468036" lat="17.9966165" lon="79.5513676"/>
 <node id="7961185942" visible="true" version="1" changeset="91789349" timestamp="2020-09-30T21:35:45Z" user="Srikar Rao" uid="11468036" lat="17.9965684" lon="79.5513652"/>
 <node id="7961185943" visible="true" version="1" changeset="91789349" timestamp="2020-09-30T21:35:45Z" user="Srikar Rao" uid="11468036" lat="17.9965229" lon="79.5513425"/>
 <node id="7961185944" visible="true" version="1" changeset="91789349" timestamp="2020-09-30T21:35:45Z" user="Srikar Rao" uid="11468036" lat="17.9964993" lon="79.5513183"/>
 <node id="7961185945" visible="true" version="1" changeset="91789349" timestamp="2020-09-30T21:35:45Z" user="Srikar Rao" uid="11468036" lat="17.9964697" lon="79.5512417"/>
 <node id="7961185946" visible="true" version="1" changeset="91789349" timestamp="2020-09-30T21:35:45Z" user="Srikar Rao" uid="11468036" lat="17.9964731" lon="79.5512205"/>
 <node id="7961185947" visible="true" version="1" changeset="91789349" timestamp="2020-09-30T21:35:45Z" user="Srikar Rao" uid="11468036" lat="17.9964813" lon="79.5511869"/>
 <node id="7961185948" visible="true" version="1" changeset="91789349" timestamp="2020-09-30T21:35:45Z" user="Srikar Rao" uid="11468036" lat="17.9965204" lon="79.5511318"/>
 <node id="7961185949" visible="true" version="1" changeset="91789349" timestamp="2020-09-30T21:35:45Z" user="Srikar Rao" uid="11468036" lat="17.9966483" lon="79.5513582"/>
 <node id="7961185950" visible="true" version="1" changeset="91789349" timestamp="2020-09-30T21:35:45Z" user="Srikar Rao" uid="11468036" lat="17.9965488" lon="79.5511141"/>
 <node id="7961185951" visible="true" version="1" changeset="91789349" timestamp="2020-09-30T21:35:45Z" user="Srikar Rao" uid="11468036" lat="17.9923836" lon="79.5564162"/>
 <node id="7961185952" visible="true" version="1" changeset="91789349" timestamp="2020-09-30T21:35:45Z" user="Srikar Rao" uid="11468036" lat="17.9922325" lon="79.5569372"/>
 <node id="7961185953" visible="true" version="1" changeset="91789349" timestamp="2020-09-30T21:35:45Z" user="Srikar Rao" uid="11468036" lat="17.9917299" lon="79.5585573"/>
 <node id="7961185954" visible="true" version="2" changeset="94744188" timestamp="2020-11-25T04:32:52Z" user="VLD140" uid="10769043" lat="17.9916457" lon="79.5594746"/>
 <node id="7961185955" visible="true" version="1" changeset="91789349" timestamp="2020-09-30T21:35:45Z" user="Srikar Rao" uid="11468036" lat="17.9915371" lon="79.5595999"/>
 <node id="7961185956" visible="true" version="1" changeset="91789349" timestamp="2020-09-30T21:35:45Z" user="Srikar Rao" uid="11468036" lat="17.9914136" lon="79.5604952"/>
 <node id="7961185957" visible="true" version="1" changeset="91789349" timestamp="2020-09-30T21:35:45Z" user="Srikar Rao" uid="11468036" lat="17.9914735" lon="79.5606762"/>
 <node id="7961185958" visible="true" version="1" changeset="91789349" timestamp="2020-09-30T21:35:45Z" user="Srikar Rao" uid="11468036" lat="17.9912465" lon="79.5609632"/>
 <node id="7961185959" visible="true" version="1" changeset="91789349" timestamp="2020-09-30T21:35:45Z" user="Srikar Rao" uid="11468036" lat="17.9909314" lon="79.5613736"/>
 <node id="7961185960" visible="true" version="1" changeset="91789349" timestamp="2020-09-30T21:35:45Z" user="Srikar Rao" uid="11468036" lat="17.9913613" lon="79.5609525"/>
 <node id="7961185961" visible="true" version="1" changeset="91789349" timestamp="2020-09-30T21:35:45Z" user="Srikar Rao" uid="11468036" lat="17.9904097" lon="79.5619999"/>
 <node id="7961185962" visible="true" version="1" changeset="91789349" timestamp="2020-09-30T21:35:45Z" user="Srikar Rao" uid="11468036" lat="17.9907108" lon="79.5616069"/>
 <node id="7961185963" visible="true" version="1" changeset="91789349" timestamp="2020-09-30T21:35:45Z" user="Srikar Rao" uid="11468036" lat="17.9906457" lon="79.5617022"/>
 <node id="7961185964" visible="true" version="1" changeset="91789349" timestamp="2020-09-30T21:35:45Z" user="Srikar Rao" uid="11468036" lat="17.9946122" lon="79.5536006"/>
 <node id="7961185965" visible="true" version="1" changeset="91789349" timestamp="2020-09-30T21:35:45Z" user="Srikar Rao" uid="11468036" lat="17.9904867" lon="79.5618103"/>
 <node id="7961185966" visible="true" version="1" changeset="91789349" timestamp="2020-09-30T21:35:45Z" user="Srikar Rao" uid="11468036" lat="17.9925478" lon="79.5561369"/>
 <node id="7961185967" visible="true" version="1" changeset="91789349" timestamp="2020-09-30T21:35:45Z" user="Srikar Rao" uid="11468036" lat="17.9963782" lon="79.5514249"/>
 <node id="7961185968" visible="true" version="1" changeset="91789349" timestamp="2020-09-30T21:35:45Z" user="Srikar Rao" uid="11468036" lat="17.9936002" lon="79.5548176"/>
 <node id="7961185969" visible="true" version="1" changeset="91789349" timestamp="2020-09-30T21:35:45Z" user="Srikar Rao" uid="11468036" lat="17.9949899" lon="79.5531361"/>
 <node id="7961185970" visible="true" version="1" changeset="91789349" timestamp="2020-09-30T21:35:45Z" user="Srikar Rao" uid="11468036" lat="17.9942382" lon="79.5540563"/>
 <node id="7961185971" visible="true" version="1" changeset="91789349" timestamp="2020-09-30T21:35:45Z" user="Srikar Rao" uid="11468036" lat="17.9941860" lon="79.5541156"/>
 <node id="7961185972" visible="true" version="1" changeset="91789349" timestamp="2020-09-30T21:35:45Z" user="Srikar Rao" uid="11468036" lat="17.9938854" lon="79.5544889"/>
 <node id="7961185973" visible="true" version="1" changeset="91789349" timestamp="2020-09-30T21:35:45Z" user="Srikar Rao" uid="11468036" lat="17.9903906" lon="79.5623083"/>
 <node id="7961185974" visible="true" version="1" changeset="91789349" timestamp="2020-09-30T21:35:45Z" user="Srikar Rao" uid="11468036" lat="17.9903060" lon="79.5626018"/>
 <node id="7961185975" visible="true" version="1" changeset="91789349" timestamp="2020-09-30T21:35:45Z" user="Srikar Rao" uid="11468036" lat="17.9904952" lon="79.5620280"/>
 <node id="7961185976" visible="true" version="1" changeset="91789349" timestamp="2020-09-30T21:35:45Z" user="Srikar Rao" uid="11468036" lat="17.9907771" lon="79.5615265"/>
 <node id="7961185977" visible="true" version="1" changeset="91789349" timestamp="2020-09-30T21:35:45Z" user="Srikar Rao" uid="11468036" lat="17.9910832" lon="79.5612462"/>
 <node id="7961185978" visible="true" version="1" changeset="91789349" timestamp="2020-09-30T21:35:45Z" user="Srikar Rao" uid="11468036" lat="17.9912816" lon="79.5610618"/>
 <node id="7961185979" visible="true" version="1" changeset="91789349" timestamp="2020-09-30T21:35:45Z" user="Srikar Rao" uid="11468036" lat="17.9914263" lon="79.5608237"/>
 <node id="7961185980" visible="true" version="1" changeset="91789349" timestamp="2020-09-30T21:35:45Z" user="Srikar Rao" uid="11468036" lat="17.9915118" lon="79.5605072"/>
 <node id="7961185981" visible="true" version="1" changeset="91789349" timestamp="2020-09-30T21:35:45Z" user="Srikar Rao" uid="11468036" lat="17.9915705" lon="79.5601197"/>
 <node id="7961185982" visible="true" version="1" changeset="91789349" timestamp="2020-09-30T21:35:45Z" user="Srikar Rao" uid="11468036" lat="17.9916304" lon="79.5596074"/>
 <node id="7961185983" visible="true" version="1" changeset="91789349" timestamp="2020-09-30T21:35:45Z" user="Srikar Rao" uid="11468036" lat="17.9917197" lon="79.5590454"/>
 <node id="7961185984" visible="true" version="1" changeset="91789349" timestamp="2020-09-30T21:35:45Z" user="Srikar Rao" uid="11468036" lat="17.9920080" lon="79.5578586"/>
 <node id="7961192885" visible="true" version="1" changeset="91789349" timestamp="2020-09-30T21:35:45Z" user="Srikar Rao" uid="11468036" lat="17.9922758" lon="79.5568165"/>
 <node id="7961192886" visible="true" version="1" changeset="91789349" timestamp="2020-09-30T21:35:45Z" user="Srikar Rao" uid="11468036" lat="17.9924047" lon="79.5565470"/>
 <node id="7961192887" visible="true" version="1" changeset="91789349" timestamp="2020-09-30T21:35:45Z" user="Srikar Rao" uid="11468036" lat="17.9925309" lon="79.5563203"/>
 <node id="7961192888" visible="true" version="1" changeset="91789349" timestamp="2020-09-30T21:35:45Z" user="Srikar Rao" uid="11468036" lat="17.9926929" lon="79.5560923"/>
 <node id="7961192889" visible="true" version="1" changeset="91789349" timestamp="2020-09-30T21:35:45Z" user="Srikar Rao" uid="11468036" lat="17.9928205" lon="79.5559247"/>
 <node id="7961192890" visible="true" version="1" changeset="91789349" timestamp="2020-09-30T21:35:45Z" user="Srikar Rao" uid="11468036" lat="17.9932350" lon="79.5554151"/>
 <node id="7961192891" visible="true" version="1" changeset="91789349" timestamp="2020-09-30T21:35:45Z" user="Srikar Rao" uid="11468036" lat="17.9937491" lon="79.5548022"/>
 <node id="7961192892" visible="true" version="1" changeset="91789349" timestamp="2020-09-30T21:35:45Z" user="Srikar Rao" uid="11468036" lat="17.9943760" lon="79.5540465"/>
 <node id="7961192893" visible="true" version="1" changeset="91789349" timestamp="2020-09-30T21:35:45Z" user="Srikar Rao" uid="11468036" lat="17.9949812" lon="79.5533109"/>
 <node id="7961192894" visible="true" version="1" changeset="91789349" timestamp="2020-09-30T21:35:45Z" user="Srikar Rao" uid="11468036" lat="17.9955297" lon="79.5526363"/>
 <node id="7961192895" visible="true" version="1" changeset="91789349" timestamp="2020-09-30T21:35:45Z" user="Srikar Rao" uid="11468036" lat="17.9959748" lon="79.5520838"/>
 <node id="7961192896" visible="true" version="1" changeset="91789349" timestamp="2020-09-30T21:35:45Z" user="Srikar Rao" uid="11468036" lat="17.9961675" lon="79.5518458"/>
 <node id="7961192897" visible="true" version="1" changeset="91789349" timestamp="2020-09-30T21:35:45Z" user="Srikar Rao" uid="11468036" lat="17.9922140" lon="79.5570103"/>
 <node id="7961192898" visible="true" version="1" changeset="91789349" timestamp="2020-09-30T21:35:45Z" user="Srikar Rao" uid="11468036" lat="17.9913498" lon="79.5607688"/>
 <node id="7961192899" visible="true" version="1" changeset="91789349" timestamp="2020-09-30T21:35:45Z" user="Srikar Rao" uid="11468036" lat="17.9913064" lon="79.5608707"/>
 <node id="7961192900" visible="true" version="1" changeset="91789349" timestamp="2020-09-30T21:35:45Z" user="Srikar Rao" uid="11468036" lat="17.9906521" lon="79.5615104"/>
 <node id="7961192901" visible="true" version="1" changeset="91789349" timestamp="2020-09-30T21:35:45Z" user="Srikar Rao" uid="11468036" lat="17.9903504" lon="79.5621736"/>
 <node id="7961192902" visible="true" version="1" changeset="91789349" timestamp="2020-09-30T21:35:45Z" user="Srikar Rao" uid="11468036" lat="17.9893503" lon="79.5650318"/>
 <node id="7965635829" visible="true" version="1" changeset="91855909" timestamp="2020-10-02T06:59:58Z" user="Srikar Rao" uid="11468036" lat="17.9969710" lon="79.5510672"/>
 <node id="7965635830" visible="true" version="1" changeset="91855909" timestamp="2020-10-02T06:59:58Z" user="Srikar Rao" uid="11468036" lat="17.9969563" lon="79.5510290"/>
 <node id="8111181031" visible="true" version="2" changeset="140129587" timestamp="2023-08-20T11:58:33Z" user="Mateusz Konieczny - bot account" uid="3199858" lat="17.9959239" lon="79.5502955">
  <tag k="name" v="A-Z Shopping Mall"/>
  <tag k="opening_hours" v="Mo-Su 09:00-21:00"/>
  <tag k="payment:cash" v="yes"/>
  <tag k="payment:coins" v="yes"/>
  <tag k="payment:credit_cards" v="yes"/>
  <tag k="payment:debit_cards" v="yes"/>
  <tag k="payment:mastercard" v="yes"/>
  <tag k="payment:visa" v="yes"/>
  <tag k="shop" v="mall"/>
 </node>
 <node id="8163083913" visible="true" version="1" changeset="94741212" timestamp="2020-11-25T02:54:27Z" user="VLD140" uid="10769043" lat="17.9934745" lon="79.5551336"/>
 <node id="8166360824" visible="true" version="1" changeset="94809122" timestamp="2020-11-26T03:51:23Z" user="VLD146" uid="10797461" lat="17.9937005" lon="79.5417397"/>
 <node id="8166360835" visible="true" version="1" changeset="94809122" timestamp="2020-11-26T03:51:23Z" user="VLD146" uid="10797461" lat="17.9946500" lon="79.5454728"/>
 <node id="8166360863" visible="true" version="2" changeset="94825890" timestamp="2020-11-26T09:06:27Z" user="VLD146" uid="10797461" lat="17.9931949" lon="79.5402252"/>
 <node id="8166360867" visible="true" version="2" changeset="94825890" timestamp="2020-11-26T09:06:27Z" user="VLD146" uid="10797461" lat="17.9931006" lon="79.5402537"/>
 <node id="8181635003" visible="true" version="1" changeset="95076575" timestamp="2020-12-01T04:07:53Z" user="VLD131" uid="9345967" lat="17.9879754" lon="79.5292287"/>
 <node id="8181647527" visible="true" version="1" changeset="95076575" timestamp="2020-12-01T04:07:53Z" user="VLD131" uid="9345967" lat="17.9885656" lon="79.5307351"/>
 <node id="8181647528" visible="true" version="1" changeset="95076575" timestamp="2020-12-01T04:07:53Z" user="VLD131" uid="9345967" lat="17.9884605" lon="79.5305021"/>
 <node id="8186118095" visible="true" version="1" changeset="95130381" timestamp="2020-12-02T05:34:17Z" user="VLD140" uid="10769043" lat="17.9904390" lon="79.5619278"/>
 <node id="8186118105" visible="true" version="1" changeset="95130381" timestamp="2020-12-02T05:34:17Z" user="VLD140" uid="10769043" lat="17.9895425" lon="79.5643398"/>
 <node id="9363605690" visible="true" version="1" changeset="115331832" timestamp="2021-12-24T11:13:27Z" user="Jobigutenburg" uid="10504312" lat="17.9971661" lon="79.5512961">
  <tag k="amenity" v="courthouse"/>
  <tag k="name" v="Senior Civil Judges Court Complex"/>
 </node>
 <node id="9817482285" visible="true" version="1" changeset="122377275" timestamp="2022-06-14T15:19:30Z" user="Kavithaptpm" uid="12266079" lat="17.9820650" lon="79.5796395"/>
 <node id="9909352499" visible="true" version="1" changeset="124045470" timestamp="2022-07-25T10:34:30Z" user="Nissa S" uid="15089619" lat="17.9935829" lon="79.5548374"/>
 <node id="9961160487" visible="true" version="1" changeset="125054173" timestamp="2022-08-18T10:11:11Z" user="Bantu Soniasri" uid="16858773" lat="17.9968969" lon="79.5507629">
  <tag k="name" v="kakatiya mahila degree college"/>
  <tag k="office" v="educational_institution"/>
 </node>
 <node id="11409914797" visible="true" version="1" changeset="145006054" timestamp="2023-12-11T16:18:23Z" user="syedk" uid="19820024" lat="17.9963425" lon="79.5507985"/>
 <node id="11409914798" visible="true" version="1" changeset="145006054" timestamp="2023-12-11T16:18:23Z" user="syedk" uid="19820024" lat="17.9961953" lon="79.5508884"/>
 <node id="13411792648" visible="true" version="1" changeset="176512406" timestamp="2025-12-28T03:47:31Z" user="SpaciousCartographer78" uid="23507645" lat="17.9903845" lon="79.5343461"/>
 <node id="13440832874" visible="true" version="1" changeset="177007244" timestamp="2026-01-09T02:15:05Z" user="SpaciousCartographer78" uid="23507645" lat="17.9964355" lon="79.5518330"/>
 <node id="13440832879" visible="true" version="1" changeset="177007244" timestamp="2026-01-09T02:15:05Z" user="SpaciousCartographer78" uid="23507645" lat="17.9965395" lon="79.5517863"/>
 <node id="13440832883" visible="true" version="1" changeset="177007244" timestamp="2026-01-09T02:15:05Z" user="SpaciousCartographer78" uid="23507645" lat="17.9966179" lon="79.5520027"/>
 <node id="13440832884" visible="true" version="1" changeset="177007244" timestamp="2026-01-09T02:15:05Z" user="SpaciousCartographer78" uid="23507645" lat="17.9965183" lon="79.5520557"/>
 <node id="13770606315" visible="true" version="1" changeset="181940349" timestamp="2026-04-28T13:10:39Z" user="Vandanagiri" uid="23957201" lat="17.9968604" lon="79.5511014">
  <tag k="name" v="Sono Vision"/>
  <tag k="shop" v="electronics"/>
 </node>
 <node id="14067568859" visible="true" version="1" changeset="186793136" timestamp="2026-08-02T06:49:05Z" user="SpaciousCartographer78" uid="23507645" lat="17.9961400" lon="79.5508969">
  <tag k="alt_name" v="Kentucky Fried Chicken"/>
  <tag k="alt_name:en" v="Kentucky Fried Chicken"/>
  <tag k="alt_name:hi" v="केंटुकी फ्राइड चिकन"/>
  <tag k="alt_name:pa" v="ਕੈਂਟੁਕੀ ਫ੍ਰਾਈਡ ਚਿਕਨ"/>
  <tag k="alt_name:pnb" v="کینٹکی فرائیڈ چکن"/>
  <tag k="alt_name:ur" v="کینٹکی فرائیڈ چکن"/>
  <tag k="amenity" v="fast_food"/>
  <tag k="brand" v="KFC"/>
  <tag k="brand:en" v="KFC"/>
  <tag k="brand:hi" v="केएफसी"/>
  <tag k="brand:pa" v="ਕੇਐਫਸੀ"/>
  <tag k="brand:pnb" v="کے ایف سی"/>
  <tag k="brand:ur" v="کے ایف سی"/>
  <tag k="brand:wikidata" v="Q524757"/>
  <tag k="cuisine" v="chicken"/>
  <tag k="name" v="KFC - Hanamkonda"/>
  <tag k="name:en" v="KFC"/>
  <tag k="name:hi" v="केएफसी"/>
  <tag k="name:pa" v="ਕੇਐਫਸੀ"/>
  <tag k="name:pnb" v="کے ایف سی"/>
  <tag k="name:ur" v="کے ایف سی"/>
  <tag k="takeaway" v="yes"/>
 </node>
 <way id="101825014" visible="true" version="60" changeset="181854270" timestamp="2026-04-26T17:06:10Z" user="Vandanagiri" uid="23957201">
  <nd ref="1339417922"/>
  <nd ref="7832815503"/>
  <nd ref="7832815497"/>
  <nd ref="2838273300"/>
  <nd ref="4097036402"/>
  <nd ref="4132104062"/>
  <nd ref="2842337322"/>
  <nd ref="7846577176"/>
  <nd ref="8181635003"/>
  <nd ref="4154837881"/>
  <nd ref="4154837885"/>
  <nd ref="4154849547"/>
  <nd ref="2842337730"/>
  <nd ref="1882745319"/>
  <nd ref="2841454611"/>
  <nd ref="2842337799"/>
  <nd ref="13411792648"/>
  <nd ref="2842338022"/>
  <nd ref="2842338029"/>
  <nd ref="4154849548"/>
  <nd ref="2842338062"/>
  <nd ref="2842338065"/>
  <nd ref="2842338087"/>
  <nd ref="2842338096"/>
  <nd ref="2841454649"/>
  <nd ref="660696063"/>
  <nd ref="4155204241"/>
  <nd ref="2841454669"/>
  <nd ref="2841454686"/>
  <nd ref="2841454699"/>
  <nd ref="660696087"/>
  <nd ref="2841459007"/>
  <nd ref="8166360863"/>
  <nd ref="2842338335"/>
  <nd ref="1341925508"/>
  <nd ref="2842338340"/>
  <nd ref="8166360824"/>
  <nd ref="7846577159"/>
  <nd ref="2713881421"/>
  <nd ref="1338511226"/>
  <nd ref="1338511222"/>
  <nd ref="1338511223"/>
  <nd ref="7846446295"/>
  <nd ref="4191377956"/>
  <nd ref="8166360835"/>
  <nd ref="4191377958"/>
  <nd ref="7846525304"/>
  <nd ref="660696090"/>
  <nd ref="1339395190"/>
  <nd ref="2842338360"/>
  <nd ref="1339371950"/>
  <nd ref="1347551003"/>
  <nd ref="1339450598"/>
  <nd ref="1339395222"/>
  <nd ref="1339400217"/>
  <nd ref="4191362940"/>
  <nd ref="1339400214"/>
  <nd ref="1339395202"/>
  <nd ref="1339405086"/>
  <nd ref="1339328931"/>
  <nd ref="7961185926"/>
  <tag k="highway" v="primary"/>
  <tag k="oneway" v="yes"/>
  <tag k="ref:old" v="NH202"/>
  <tag k="source" v="GPS"/>
  <tag k="surface" v="asphalt"/>
 </way>
 <way id="119116664" visible="true" version="6" changeset="181940124" timestamp="2026-04-28T13:08:37Z" user="Vandanagiri" uid="23957201">
  <nd ref="1339244590"/>
  <nd ref="1339244586"/>
  <nd ref="7961185924"/>
  <nd ref="1339267611"/>
  <nd ref="7961185925"/>
  <tag k="highway" v="unclassified"/>
  <tag k="oneway" v="yes"/>
  <tag k="surface" v="asphalt"/>
 </way>
 <way id="119126273" visible="true" version="5" changeset="181940124" timestamp="2026-04-28T13:08:38Z" user="Vandanagiri" uid="23957201">
  <nd ref="7961185931"/>
  <nd ref="1339328922"/>
  <nd ref="7846498721"/>
  <nd ref="1339328924"/>
  <nd ref="1339328919"/>
  <nd ref="1339244590"/>
  <tag k="highway" v="unclassified"/>
  <tag k="oneway" v="yes"/>
  <tag k="surface" v="asphalt"/>
 </way>
 <way id="119126275" visible="true" version="6" changeset="181940124" timestamp="2026-04-28T13:08:23Z" user="Vandanagiri" uid="23957201">
  <nd ref="1339328935"/>
  <nd ref="7961185930"/>
  <nd ref="7961185929"/>
  <nd ref="1339328936"/>
  <nd ref="7846498716"/>
  <tag k="highway" v="trunk_link"/>
  <tag k="oneway" v="yes"/>
  <tag k="surface" v="asphalt"/>
 </way>
 <way id="119126276" visible="true" version="9" changeset="181940124" timestamp="2026-04-28T13:08:21Z" user="Vandanagiri" uid="23957201">
  <nd ref="2434900007"/>
  <nd ref="8186118105"/>
  <nd ref="4155293284"/>
  <nd ref="4155293389"/>
  <nd ref="2434900013"/>
  <nd ref="4273406597"/>
  <nd ref="7961192901"/>
  <nd ref="7961185961"/>
  <nd ref="8186118095"/>
  <nd ref="7961185965"/>
  <nd ref="2434900018"/>
  <nd ref="7961192900"/>
  <nd ref="1175557583"/>
  <nd ref="2434900024"/>
  <nd ref="7961185958"/>
  <nd ref="7961192899"/>
  <nd ref="7961192898"/>
  <nd ref="660703706"/>
  <nd ref="7961185956"/>
  <nd ref="7961185955"/>
  <nd ref="2434900027"/>
  <nd ref="7961185953"/>
  <nd ref="1507776420"/>
  <nd ref="4155293431"/>
  <nd ref="660703705"/>
  <nd ref="7961185951"/>
  <nd ref="4191424994"/>
  <nd ref="7961185966"/>
  <nd ref="660703704"/>
  <nd ref="2434979100"/>
  <nd ref="7961185921"/>
  <nd ref="4155293441"/>
  <nd ref="9909352499"/>
  <nd ref="7961185968"/>
  <nd ref="7961185972"/>
  <nd ref="2842338348"/>
  <nd ref="7961185971"/>
  <nd ref="7961185970"/>
  <nd ref="1339396783"/>
  <nd ref="7961185964"/>
  <nd ref="7961185969"/>
  <nd ref="1339395195"/>
  <nd ref="660703726"/>
  <nd ref="1339328935"/>
  <nd ref="7961185967"/>
  <nd ref="7961185932"/>
  <tag k="highway" v="secondary"/>
  <tag k="name" v="Hunter Road"/>
  <tag k="name:te" v="హంటర్ రోడ్"/>
  <tag k="oneway" v="yes"/>
  <tag k="source" v="osm-gpx"/>
  <tag k="surface" v="asphalt"/>
 </way>
 <way id="119126277" visible="true" version="4" changeset="181940124" timestamp="2026-04-28T13:08:13Z" user="Vandanagiri" uid="23957201">
  <nd ref="1339244588"/>
  <nd ref="7846498718"/>
  <nd ref="1339328933"/>
  <nd ref="1339328934"/>
  <nd ref="1339328932"/>
  <tag k="highway" v="trunk_link"/>
  <tag k="lane_markings" v="no"/>
  <tag k="oneway" v="yes"/>
  <tag k="surface" v="asphalt"/>
 </way>
 <way id="119126490" visible="true" version="5" changeset="181940124" timestamp="2026-04-28T13:08:30Z" user="Vandanagiri" uid="23957201">
  <nd ref="1338513042"/>
  <nd ref="1339454320"/>
  <nd ref="1339329760"/>
  <nd ref="1339329758"/>
  <nd ref="1339405209"/>
  <nd ref="1339370694"/>
  <nd ref="1339244590"/>
  <tag k="highway" v="unclassified"/>
  <tag k="surface" v="asphalt"/>
 </way>
 <way id="119128783" visible="true" version="3" changeset="8549611" timestamp="2011-06-26T09:21:55Z" user="Bethi Rohit" uid="477098">
  <nd ref="1339370695"/>
  <nd ref="1339454312"/>
  <nd ref="1339370698"/>
  <nd ref="1339405210"/>
  <nd ref="1339370694"/>
  <tag k="highway" v="residential"/>
 </way>
 <way id="119131143" visible="true" version="3" changeset="89974036" timestamp="2020-08-26T12:58:09Z" user="v_ravali" uid="11621703">
  <nd ref="7846498724"/>
  <nd ref="1339395213"/>
  <nd ref="1339400216"/>
  <nd ref="1339400222"/>
  <nd ref="1339395216"/>
  <nd ref="1339395188"/>
  <tag k="highway" v="residential"/>
 </way>
 <way id="119131146" visible="true" version="4" changeset="89974036" timestamp="2020-08-26T12:58:09Z" user="v_ravali" uid="11621703">
  <nd ref="7846498722"/>
  <nd ref="1339400219"/>
  <nd ref="1339395185"/>
  <nd ref="1339395204"/>
  <nd ref="1339395194"/>
  <nd ref="2842338350"/>
  <nd ref="1339395216"/>
  <tag k="highway" v="residential"/>
 </way>
 <way id="119131774" visible="true" version="3" changeset="39371409" timestamp="2016-05-17T09:01:45Z" user="Chenna2701" uid="3779589">
  <nd ref="1339400214"/>
  <nd ref="1339400220"/>
  <nd ref="1339400223"/>
  <nd ref="1339400229"/>
  <nd ref="1339400209"/>
  <nd ref="1339400218"/>
  <nd ref="4191362942"/>
  <nd ref="1339400228"/>
  <nd ref="4138416058"/>
  <nd ref="1339400215"/>
  <nd ref="1339400226"/>
  <tag k="highway" v="residential"/>
 </way>
 <way id="119131777" visible="true" version="4" changeset="8549611" timestamp="2011-06-26T09:21:55Z" user="Bethi Rohit" uid="477098">
  <nd ref="1339400225"/>
  <nd ref="1339400212"/>
  <nd ref="1339400210"/>
  <nd ref="1339450593"/>
  <nd ref="1339454303"/>
  <nd ref="1339400224"/>
  <nd ref="1339401382"/>
  <nd ref="1339400217"/>
  <tag k="highway" v="residential"/>
 </way>
 <way id="119131839" visible="true" version="1" changeset="8548913" timestamp="2011-06-26T07:23:09Z" user="FlankerH" uid="282938">
  <nd ref="1339401382"/>
  <nd ref="1339401383"/>
  <nd ref="1339400229"/>
  <tag k="highway" v="residential"/>
 </way>
 <way id="119131840" visible="true" version="2" changeset="38748035" timestamp="2016-04-21T07:01:46Z" user="anushap" uid="2901769">
  <nd ref="1339401386"/>
  <nd ref="4137897509"/>
  <nd ref="1339401384"/>
  <nd ref="1339401396"/>
  <nd ref="1339401397"/>
  <nd ref="1339401385"/>
  <nd ref="1339400223"/>
  <tag k="highway" v="residential"/>
 </way>
 <way id="119132573" visible="true" version="1" changeset="8548913" timestamp="2011-06-26T07:36:27Z" user="FlankerH" uid="282938">
  <nd ref="1339400215"/>
  <nd ref="1339401386"/>
  <nd ref="1339405090"/>
  <nd ref="1339405085"/>
  <tag k="highway" v="residential"/>
 </way>
 <way id="119132574" visible="true" version="1" changeset="8548913" timestamp="2011-06-26T07:36:27Z" user="FlankerH" uid="282938">
  <nd ref="1339405087"/>
  <nd ref="1339405091"/>
  <nd ref="1339405085"/>
  <nd ref="1339405088"/>
  <nd ref="1339405089"/>
  <nd ref="1339405086"/>
  <tag k="highway" v="residential"/>
 </way>
 <way id="412330654" visible="true" version="1" changeset="38748035" timestamp="2016-04-21T07:01:34Z" user="anushap" uid="2901769">
  <nd ref="4137894731"/>
  <nd ref="4137894733"/>
  <nd ref="4137894730"/>
  <nd ref="4137894729"/>
  <nd ref="4137894731"/>
 </way>
 <way id="412330655" visible="true" version="1" changeset="38748035" timestamp="2016-04-21T07:01:34Z" user="anushap" uid="2901769">
  <nd ref="4137894735"/>
  <nd ref="4137894736"/>
  <nd ref="4137894732"/>
  <nd ref="4137894734"/>
  <nd ref="4137894737"/>
  <nd ref="4137894738"/>
  <nd ref="4137894728"/>
  <nd ref="4137894727"/>
  <nd ref="4137894735"/>
 </way>
 <way id="412330659" visible="true" version="1" changeset="38748035" timestamp="2016-04-21T07:01:35Z" user="anushap" uid="2901769">
  <nd ref="4137894767"/>
  <nd ref="4137894777"/>
  <nd ref="4137894765"/>
  <nd ref="4137894757"/>
  <nd ref="4137894767"/>
  <tag k="building" v="yes"/>
 </way>
 <way id="412330664" visible="true" version="2" changeset="180538522" timestamp="2026-03-28T11:38:51Z" user="Medhasvee Bairy" uid="23821744">
  <nd ref="4137897502"/>
  <nd ref="4137897515"/>
  <nd ref="4137894783"/>
  <nd ref="4137894773"/>
  <nd ref="4137897502"/>
  <tag k="amenity" v="courthouse"/>
  <tag k="building" v="yes"/>
  <tag k="name" v="Civil Court"/>
 </way>
 <way id="412330666" visible="true" version="2" changeset="180538258" timestamp="2026-03-28T11:30:18Z" user="Krishna2k" uid="23983860">
  <nd ref="4137894745"/>
  <nd ref="4137894744"/>
  <nd ref="4137894739"/>
  <nd ref="4137894740"/>
  <nd ref="4137894745"/>
  <tag k="building" v="yes"/>
  <tag k="name" v="Masjid -e- khurdha"/>
 </way>
 <way id="412330686" visible="true" version="1" changeset="38748035" timestamp="2016-04-21T07:01:36Z" user="anushap" uid="2901769">
  <nd ref="4137897523"/>
  <nd ref="4137897517"/>
  <nd ref="4137897512"/>
  <nd ref="4137897522"/>
  <nd ref="4137897523"/>
  <tag k="building" v="yes"/>
 </way>
 <way id="412330700" visible="true" version="1" changeset="38748035" timestamp="2016-04-21T07:01:37Z" user="anushap" uid="2901769">
  <nd ref="4137894779"/>
  <nd ref="4137894787"/>
  <nd ref="4137894763"/>
  <nd ref="4137894756"/>
  <nd ref="4137894779"/>
  <tag k="building" v="yes"/>
 </way>
 <way id="412330723" visible="true" version="1" changeset="38748035" timestamp="2016-04-21T07:01:38Z" user="anushap" uid="2901769">
  <nd ref="4137894785"/>
  <nd ref="4137897497"/>
  <nd ref="4137894778"/>
  <nd ref="4137894771"/>
  <nd ref="4137894785"/>
  <tag k="building" v="yes"/>
 </way>
 <way id="412330730" visible="true" version="1" changeset="38748035" timestamp="2016-04-21T07:01:38Z" user="anushap" uid="2901769">
  <nd ref="4137894755"/>
  <nd ref="4137894761"/>
  <nd ref="4137894749"/>
  <nd ref="4137894746"/>
  <nd ref="4137894755"/>
  <tag k="building" v="yes"/>
 </way>
 <way id="412330737" visible="true" version="1" changeset="38748035" timestamp="2016-04-21T07:01:39Z" user="anushap" uid="2901769">
  <nd ref="4137897546"/>
  <nd ref="4137897534"/>
  <nd ref="4137897528"/>
  <nd ref="4137897540"/>
  <nd ref="4137897546"/>
  <tag k="building" v="yes"/>
 </way>
 <way id="412330751" visible="true" version="1" changeset="38748035" timestamp="2016-04-21T07:01:39Z" user="anushap" uid="2901769">
  <nd ref="4137897514"/>
  <nd ref="4137897519"/>
  <nd ref="4137897507"/>
  <nd ref="4137897498"/>
  <nd ref="4137897514"/>
  <tag k="building" v="yes"/>
 </way>
 <way id="412330757" visible="true" version="1" changeset="38748035" timestamp="2016-04-21T07:01:39Z" user="anushap" uid="2901769">
  <nd ref="4137894786"/>
  <nd ref="4137897501"/>
  <nd ref="4137897491"/>
  <nd ref="4137894780"/>
  <nd ref="4137894786"/>
  <tag k="building" v="yes"/>
 </way>
 <way id="412330778" visible="true" version="1" changeset="38748035" timestamp="2016-04-21T07:01:40Z" user="anushap" uid="2901769">
  <nd ref="4137897516"/>
  <nd ref="4137897520"/>
  <nd ref="4137897508"/>
  <nd ref="4137897496"/>
  <nd ref="4137897516"/>
  <tag k="building" v="yes"/>
 </way>
 <way id="412330780" visible="true" version="1" changeset="38748035" timestamp="2016-04-21T07:01:40Z" user="anushap" uid="2901769">
  <nd ref="4137894781"/>
  <nd ref="4137897494"/>
  <nd ref="4137894762"/>
  <nd ref="4137894754"/>
  <nd ref="4137894781"/>
  <tag k="building" v="yes"/>
 </way>
 <way id="412330782" visible="true" version="1" changeset="38748035" timestamp="2016-04-21T07:01:40Z" user="anushap" uid="2901769">
  <nd ref="4137897553"/>
  <nd ref="4137897536"/>
  <nd ref="4137897533"/>
  <nd ref="4137897544"/>
  <nd ref="4137897553"/>
  <tag k="building" v="yes"/>
 </way>
 <way id="412330790" visible="true" version="1" changeset="38748035" timestamp="2016-04-21T07:01:41Z" user="anushap" uid="2901769">
  <nd ref="4137894764"/>
  <nd ref="4137894774"/>
  <nd ref="4137894769"/>
  <nd ref="4137894759"/>
  <nd ref="4137894764"/>
  <tag k="building" v="yes"/>
 </way>
 <way id="412330795" visible="true" version="1" changeset="38748035" timestamp="2016-04-21T07:01:41Z" user="anushap" uid="2901769">
  <nd ref="4137894748"/>
  <nd ref="4137894742"/>
  <nd ref="4137894741"/>
  <nd ref="4137894743"/>
  <nd ref="4137894748"/>
  <tag k="building" v="yes"/>
 </way>
 <way id="412330805" visible="true" version="1" changeset="38748035" timestamp="2016-04-21T07:01:42Z" user="anushap" uid="2901769">
  <nd ref="4137894772"/>
  <nd ref="4137894752"/>
  <nd ref="4137894750"/>
  <nd ref="4137894766"/>
  <nd ref="4137894772"/>
  <tag k="building" v="yes"/>
 </way>
 <way id="412330820" visible="true" version="1" changeset="38748035" timestamp="2016-04-21T07:01:43Z" user="anushap" uid="2901769">
  <nd ref="4137894753"/>
  <nd ref="4137894760"/>
  <nd ref="4137894751"/>
  <nd ref="4137894747"/>
  <nd ref="4137894753"/>
  <tag k="building" v="yes"/>
 </way>
 <way id="412330863" visible="true" version="1" changeset="38748035" timestamp="2016-04-21T07:01:44Z" user="anushap" uid="2901769">
  <nd ref="4137897504"/>
  <nd ref="4137894770"/>
  <nd ref="4137894758"/>
  <nd ref="4137894788"/>
  <nd ref="4137897504"/>
  <tag k="building" v="yes"/>
 </way>
 <way id="412330878" visible="true" version="1" changeset="38748035" timestamp="2016-04-21T07:01:44Z" user="anushap" uid="2901769">
  <nd ref="4137897492"/>
  <nd ref="4137897503"/>
  <nd ref="4137897489"/>
  <nd ref="4137894782"/>
  <nd ref="4137897492"/>
  <tag k="building" v="yes"/>
 </way>
 <way id="412330884" visible="true" version="1" changeset="38748035" timestamp="2016-04-21T07:01:44Z" user="anushap" uid="2901769">
  <nd ref="4137897518"/>
  <nd ref="4137897521"/>
  <nd ref="4137897511"/>
  <nd ref="4137897505"/>
  <nd ref="4137897518"/>
  <tag k="building" v="yes"/>
 </way>
 <way id="412330886" visible="true" version="1" changeset="38748035" timestamp="2016-04-21T07:01:44Z" user="anushap" uid="2901769">
  <nd ref="4137897529"/>
  <nd ref="4137897531"/>
  <nd ref="4137897532"/>
  <nd ref="4137897530"/>
  <nd ref="4137897529"/>
  <tag k="building" v="yes"/>
 </way>
 <way id="412330894" visible="true" version="1" changeset="38748035" timestamp="2016-04-21T07:01:45Z" user="anushap" uid="2901769">
  <nd ref="4137894776"/>
  <nd ref="4137894784"/>
  <nd ref="4137894775"/>
  <nd ref="4137894768"/>
  <nd ref="4137894776"/>
  <tag k="building" v="yes"/>
 </way>
 <way id="412330926" visible="true" version="1" changeset="38748035" timestamp="2016-04-21T07:01:46Z" user="anushap" uid="2901769">
  <nd ref="4137897513"/>
  <nd ref="4137897499"/>
  <nd ref="4137897490"/>
  <nd ref="4137897495"/>
  <nd ref="4137897493"/>
  <nd ref="4137897500"/>
  <nd ref="4137897506"/>
  <nd ref="4137897510"/>
  <nd ref="4137897513"/>
  <tag k="building" v="yes"/>
 </way>
 <way id="412369379" visible="true" version="1" changeset="38751645" timestamp="2016-04-21T09:08:57Z" user="anushap" uid="2901769">
  <nd ref="4138185172"/>
  <nd ref="4138185184"/>
  <nd ref="4138185153"/>
  <nd ref="4138185148"/>
  <nd ref="4138185172"/>
 </way>
 <way id="412369380" visible="true" version="1" changeset="38751645" timestamp="2016-04-21T09:08:57Z" user="anushap" uid="2901769">
  <nd ref="4138185197"/>
  <nd ref="4138185202"/>
  <nd ref="4138185194"/>
  <nd ref="4138185191"/>
  <nd ref="4138185197"/>
 </way>
 <way id="412369382" visible="true" version="1" changeset="38751645" timestamp="2016-04-21T09:08:57Z" user="anushap" uid="2901769">
  <nd ref="4138185168"/>
  <nd ref="4138185170"/>
  <nd ref="4138185161"/>
  <nd ref="4138185155"/>
  <nd ref="4138185168"/>
 </way>
 <way id="412369384" visible="true" version="1" changeset="38751645" timestamp="2016-04-21T09:08:57Z" user="anushap" uid="2901769">
  <nd ref="4138185201"/>
  <nd ref="4138185208"/>
  <nd ref="4138185206"/>
  <nd ref="4138185207"/>
  <nd ref="4138185204"/>
  <nd ref="4138185199"/>
  <nd ref="4138185193"/>
  <nd ref="4138185178"/>
  <nd ref="4138185201"/>
 </way>
 <way id="412369393" visible="true" version="1" changeset="38751645" timestamp="2016-04-21T09:08:57Z" user="anushap" uid="2901769">
  <nd ref="4138185187"/>
  <nd ref="4138185189"/>
  <nd ref="4138185167"/>
  <nd ref="4138185166"/>
  <nd ref="4138185187"/>
  <tag k="building" v="yes"/>
 </way>
 <way id="412369466" visible="true" version="1" changeset="38751645" timestamp="2016-04-21T09:08:59Z" user="anushap" uid="2901769">
  <nd ref="4138185147"/>
  <nd ref="4138185150"/>
  <nd ref="4138185127"/>
  <nd ref="4138185121"/>
  <nd ref="4138185147"/>
  <tag k="building" v="yes"/>
 </way>
 <way id="412369476" visible="true" version="1" changeset="38751645" timestamp="2016-04-21T09:08:59Z" user="anushap" uid="2901769">
  <nd ref="4138185183"/>
  <nd ref="4138185186"/>
  <nd ref="4138185164"/>
  <nd ref="4138185160"/>
  <nd ref="4138185183"/>
  <tag k="building" v="yes"/>
 </way>
 <way id="412369484" visible="true" version="1" changeset="38751645" timestamp="2016-04-21T09:08:59Z" user="anushap" uid="2901769">
  <nd ref="4138185159"/>
  <nd ref="4138185163"/>
  <nd ref="4138185142"/>
  <nd ref="4138185140"/>
  <nd ref="4138185159"/>
  <tag k="building" v="yes"/>
 </way>
 <way id="412369501" visible="true" version="1" changeset="38751645" timestamp="2016-04-21T09:09:00Z" user="anushap" uid="2901769">
  <nd ref="4138185177"/>
  <nd ref="4138185180"/>
  <nd ref="4138185154"/>
  <nd ref="4138185151"/>
  <nd ref="4138185177"/>
  <tag k="building" v="yes"/>
 </way>
 <way id="412369521" visible="true" version="1" changeset="38751645" timestamp="2016-04-21T09:09:01Z" user="anushap" uid="2901769">
  <nd ref="4138185195"/>
  <nd ref="4138185203"/>
  <nd ref="4138185188"/>
  <nd ref="4138185181"/>
  <nd ref="4138185195"/>
  <tag k="building" v="yes"/>
 </way>
 <way id="412369546" visible="true" version="2" changeset="78924522" timestamp="2019-12-27T12:19:37Z" user="s goud" uid="10593417">
  <nd ref="4138185209"/>
  <nd ref="4138185211"/>
  <nd ref="4138185205"/>
  <nd ref="4138185198"/>
  <nd ref="4138185209"/>
  <tag k="amenity" v="bar"/>
  <tag k="building" v="yes"/>
 </way>
 <way id="412369558" visible="true" version="1" changeset="38751645" timestamp="2016-04-21T09:09:02Z" user="anushap" uid="2901769">
  <nd ref="4138185158"/>
  <nd ref="4138185185"/>
  <nd ref="4138185169"/>
  <nd ref="4138185149"/>
  <nd ref="4138185158"/>
  <tag k="building" v="yes"/>
 </way>
 <way id="412369566" visible="true" version="1" changeset="38751645" timestamp="2016-04-21T09:09:03Z" user="anushap" uid="2901769">
  <nd ref="4138185196"/>
  <nd ref="4138185200"/>
  <nd ref="4138185176"/>
  <nd ref="4138185173"/>
  <nd ref="4138185196"/>
  <tag k="building" v="yes"/>
 </way>
 <way id="412369572" visible="true" version="1" changeset="38751645" timestamp="2016-04-21T09:09:03Z" user="anushap" uid="2901769">
  <nd ref="4138185152"/>
  <nd ref="4138185156"/>
  <nd ref="4138185144"/>
  <nd ref="4138185136"/>
  <nd ref="4138185152"/>
  <tag k="building" v="yes"/>
 </way>
 <way id="412369599" visible="true" version="1" changeset="38751645" timestamp="2016-04-21T09:09:04Z" user="anushap" uid="2901769">
  <nd ref="4138185210"/>
  <nd ref="4138185212"/>
  <nd ref="4138185175"/>
  <nd ref="4138185165"/>
  <nd ref="4138185210"/>
  <tag k="building" v="yes"/>
 </way>
 <way id="412369618" visible="true" version="1" changeset="38751645" timestamp="2016-04-21T09:09:04Z" user="anushap" uid="2901769">
  <nd ref="4138185179"/>
  <nd ref="4138185182"/>
  <nd ref="4138185162"/>
  <nd ref="4138185157"/>
  <nd ref="4138185179"/>
  <tag k="building" v="yes"/>
 </way>
 <way id="412369625" visible="true" version="1" changeset="38751645" timestamp="2016-04-21T09:09:05Z" user="anushap" uid="2901769">
  <nd ref="4138185190"/>
  <nd ref="4138185192"/>
  <nd ref="4138185174"/>
  <nd ref="4138185171"/>
  <nd ref="4138185190"/>
  <tag k="building" v="yes"/>
 </way>
 <way id="412391278" visible="true" version="3" changeset="115331832" timestamp="2021-12-24T11:13:27Z" user="Jobigutenburg" uid="10504312">
  <nd ref="4138334030"/>
  <nd ref="4138334038"/>
  <nd ref="4138334035"/>
  <nd ref="4138334060"/>
  <nd ref="4138334062"/>
  <nd ref="4138334068"/>
  <nd ref="4138334033"/>
  <nd ref="4138334028"/>
  <nd ref="4138334039"/>
  <nd ref="4138334020"/>
  <nd ref="4138334010"/>
  <nd ref="4138334006"/>
  <nd ref="4138334019"/>
  <nd ref="4138334012"/>
  <nd ref="4138334003"/>
  <nd ref="4138333998"/>
  <nd ref="4138334030"/>
  <tag k="amenity" v="courthouse"/>
  <tag k="building" v="yes"/>
  <tag k="name" v="District Court Warangal"/>
  <tag k="name:te" v="జిల్లా కోర్టు వరంగల్"/>
 </way>
 <way id="412391289" visible="true" version="3" changeset="115331832" timestamp="2021-12-24T11:13:27Z" user="Jobigutenburg" uid="10504312">
  <nd ref="4138334056"/>
  <nd ref="4138334053"/>
  <nd ref="4138334041"/>
  <nd ref="4138334042"/>
  <nd ref="4138334056"/>
  <tag k="amenity" v="place_of_worship"/>
  <tag k="building" v="yes"/>
  <tag k="name" v="Venkateshwarla Swamy Temple"/>
  <tag k="name:te" v="వెంకటేశ్వర్ల స్వామీ ఆలయం"/>
  <tag k="religion" v="hindu"/>
 </way>
 <way id="412391303" visible="true" version="1" changeset="38753323" timestamp="2016-04-21T10:21:18Z" user="anushap" uid="2901769">
  <nd ref="4138333604"/>
  <nd ref="4138333565"/>
  <nd ref="4138333547"/>
  <nd ref="4138333580"/>
  <nd ref="4138333604"/>
  <tag k="building" v="yes"/>
 </way>
 <way id="412391364" visible="true" version="1" changeset="38753323" timestamp="2016-04-21T10:21:20Z" user="anushap" uid="2901769">
  <nd ref="4138333659"/>
  <nd ref="4138333612"/>
  <nd ref="4138333582"/>
  <nd ref="4138333632"/>
  <nd ref="4138333659"/>
  <tag k="building" v="yes"/>
 </way>
 <way id="412391371" visible="true" version="1" changeset="38753323" timestamp="2016-04-21T10:21:21Z" user="anushap" uid="2901769">
  <nd ref="4138334025"/>
  <nd ref="4138334037"/>
  <nd ref="4138334021"/>
  <nd ref="4138334016"/>
  <nd ref="4138334025"/>
  <tag k="building" v="yes"/>
 </way>
 <way id="412391406" visible="true" version="1" changeset="38753323" timestamp="2016-04-21T10:21:23Z" user="anushap" uid="2901769">
  <nd ref="4138333884"/>
  <nd ref="4138333887"/>
  <nd ref="4138333875"/>
  <nd ref="4138333872"/>
  <nd ref="4138333884"/>
  <tag k="building" v="yes"/>
 </way>
 <way id="412391461" visible="true" version="1" changeset="38753323" timestamp="2016-04-21T10:21:26Z" user="anushap" uid="2901769">
  <nd ref="4138333888"/>
  <nd ref="4138333997"/>
  <nd ref="4138333883"/>
  <nd ref="4138333877"/>
  <nd ref="4138333888"/>
  <tag k="building" v="yes"/>
 </way>
 <way id="412391462" visible="true" version="1" changeset="38753323" timestamp="2016-04-21T10:21:26Z" user="anushap" uid="2901769">
  <nd ref="4138334034"/>
  <nd ref="4138334032"/>
  <nd ref="4138334022"/>
  <nd ref="4138334024"/>
  <nd ref="4138334034"/>
  <tag k="building" v="yes"/>
 </way>
 <way id="412391473" visible="true" version="1" changeset="38753323" timestamp="2016-04-21T10:21:26Z" user="anushap" uid="2901769">
  <nd ref="4138334005"/>
  <nd ref="4138334013"/>
  <nd ref="4138334004"/>
  <nd ref="4138333991"/>
  <nd ref="4138334005"/>
  <tag k="building" v="yes"/>
 </way>
 <way id="412391476" visible="true" version="1" changeset="38753323" timestamp="2016-04-21T10:21:27Z" user="anushap" uid="2901769">
  <nd ref="4138333570"/>
  <nd ref="4138333542"/>
  <nd ref="4138333525"/>
  <nd ref="4138333541"/>
  <nd ref="4138333570"/>
  <tag k="building" v="yes"/>
 </way>
 <way id="412391486" visible="true" version="1" changeset="38753323" timestamp="2016-04-21T10:21:27Z" user="anushap" uid="2901769">
  <nd ref="4138334011"/>
  <nd ref="4138333871"/>
  <nd ref="4138333869"/>
  <nd ref="4138334001"/>
  <nd ref="4138334011"/>
  <tag k="building" v="yes"/>
 </way>
 <way id="412391525" visible="true" version="2" changeset="91855909" timestamp="2020-10-02T06:59:58Z" user="Srikar Rao" uid="11468036">
  <nd ref="4138333862"/>
  <nd ref="4138333861"/>
  <nd ref="4138333857"/>
  <nd ref="4138333863"/>
  <nd ref="4138333838"/>
  <nd ref="4138333829"/>
  <nd ref="7965635830"/>
  <nd ref="7965635829"/>
  <nd ref="4138333862"/>
  <tag k="building" v="yes"/>
 </way>
 <way id="412404834" visible="true" version="1" changeset="38754150" timestamp="2016-04-21T11:00:28Z" user="anushap" uid="2901769">
  <nd ref="4138415977"/>
  <nd ref="4138415986"/>
  <nd ref="4138415969"/>
  <nd ref="4138415962"/>
  <nd ref="4138415977"/>
  <tag k="building" v="yes"/>
 </way>
 <way id="412404844" visible="true" version="1" changeset="38754150" timestamp="2016-04-21T11:00:29Z" user="anushap" uid="2901769">
  <nd ref="4138416072"/>
  <nd ref="4138416088"/>
  <nd ref="4138416062"/>
  <nd ref="4138416049"/>
  <nd ref="4138416072"/>
  <tag k="building" v="yes"/>
 </way>
 <way id="412404851" visible="true" version="1" changeset="38754150" timestamp="2016-04-21T11:00:29Z" user="anushap" uid="2901769">
  <nd ref="4138416013"/>
  <nd ref="4138416015"/>
  <nd ref="4138415992"/>
  <nd ref="4138415991"/>
  <nd ref="4138416013"/>
  <tag k="building" v="yes"/>
 </way>
 <way id="412404868" visible="true" version="1" changeset="38754150" timestamp="2016-04-21T11:00:29Z" user="anushap" uid="2901769">
  <nd ref="4138415982"/>
  <nd ref="4138415990"/>
  <nd ref="4138415974"/>
  <nd ref="4138415966"/>
  <nd ref="4138415982"/>
  <tag k="building" v="yes"/>
 </way>
 <way id="412404911" visible="true" version="1" changeset="38754150" timestamp="2016-04-21T11:00:31Z" user="anushap" uid="2901769">
  <nd ref="4138415959"/>
  <nd ref="4138415971"/>
  <nd ref="4138415954"/>
  <nd ref="4138415947"/>
  <nd ref="4138415959"/>
  <tag k="building" v="yes"/>
 </way>
 <way id="412404959" visible="true" version="1" changeset="38754150" timestamp="2016-04-21T11:00:32Z" user="anushap" uid="2901769">
  <nd ref="4138415899"/>
  <nd ref="4138415890"/>
  <nd ref="4138414187"/>
  <nd ref="4138415897"/>
  <nd ref="4138415899"/>
  <tag k="building" v="yes"/>
 </way>
 <way id="412404983" visible="true" version="1" changeset="38754150" timestamp="2016-04-21T11:00:33Z" user="anushap" uid="2901769">
  <nd ref="4138416036"/>
  <nd ref="4138416037"/>
  <nd ref="4138416027"/>
  <nd ref="4138416026"/>
  <nd ref="4138416036"/>
  <tag k="building" v="yes"/>
 </way>
 <way id="412404989" visible="true" version="1" changeset="38754150" timestamp="2016-04-21T11:00:33Z" user="anushap" uid="2901769">
  <nd ref="4138416001"/>
  <nd ref="4138416007"/>
  <nd ref="4138415989"/>
  <nd ref="4138415983"/>
  <nd ref="4138416001"/>
  <tag k="building" v="yes"/>
 </way>
 <way id="412404991" visible="true" version="1" changeset="38754150" timestamp="2016-04-21T11:00:33Z" user="anushap" uid="2901769">
  <nd ref="4138415951"/>
  <nd ref="4138415963"/>
  <nd ref="4138415941"/>
  <nd ref="4138415938"/>
  <nd ref="4138415951"/>
  <tag k="building" v="yes"/>
 </way>
 <way id="412405002" visible="true" version="1" changeset="38754150" timestamp="2016-04-21T11:00:33Z" user="anushap" uid="2901769">
  <nd ref="4138415903"/>
  <nd ref="4138415907"/>
  <nd ref="4138415893"/>
  <nd ref="4138415891"/>
  <nd ref="4138415903"/>
  <tag k="building" v="yes"/>
 </way>
 <way id="412405029" visible="true" version="1" changeset="38754150" timestamp="2016-04-21T11:00:34Z" user="anushap" uid="2901769">
  <nd ref="4138416047"/>
  <nd ref="4138416059"/>
  <nd ref="4138416045"/>
  <nd ref="4138416040"/>
  <nd ref="4138416047"/>
  <tag k="building" v="yes"/>
 </way>
 <way id="412405035" visible="true" version="1" changeset="38754150" timestamp="2016-04-21T11:00:34Z" user="anushap" uid="2901769">
  <nd ref="4138416066"/>
  <nd ref="4138416075"/>
  <nd ref="4138416065"/>
  <nd ref="4138416056"/>
  <nd ref="4138416066"/>
  <tag k="building" v="yes"/>
 </way>
 <way id="412405037" visible="true" version="1" changeset="38754150" timestamp="2016-04-21T11:00:34Z" user="anushap" uid="2901769">
  <nd ref="4138415921"/>
  <nd ref="4138415928"/>
  <nd ref="4138415919"/>
  <nd ref="4138415910"/>
  <nd ref="4138415921"/>
  <tag k="building" v="yes"/>
 </way>
 <way id="412405045" visible="true" version="1" changeset="38754150" timestamp="2016-04-21T11:00:35Z" user="anushap" uid="2901769">
  <nd ref="4138415994"/>
  <nd ref="4138416003"/>
  <nd ref="4138415975"/>
  <nd ref="4138415973"/>
  <nd ref="4138415994"/>
  <tag k="building" v="yes"/>
 </way>
 <way id="412405132" visible="true" version="1" changeset="38754150" timestamp="2016-04-21T11:00:37Z" user="anushap" uid="2901769">
  <nd ref="4138415924"/>
  <nd ref="4138415948"/>
  <nd ref="4138415949"/>
  <nd ref="4138415957"/>
  <nd ref="4138415961"/>
  <nd ref="4138415952"/>
  <nd ref="4138415955"/>
  <nd ref="4138415931"/>
  <nd ref="4138415924"/>
  <tag k="building" v="yes"/>
 </way>
 <way id="412411269" visible="true" version="1" changeset="38754477" timestamp="2016-04-21T11:24:00Z" user="anushap" uid="2901769">
  <nd ref="4138453588"/>
  <nd ref="4138453889"/>
  <nd ref="4138453587"/>
  <nd ref="4138453586"/>
  <nd ref="4138453588"/>
  <tag k="building" v="yes"/>
 </way>
 <way id="418919347" visible="true" version="1" changeset="39371409" timestamp="2016-05-17T09:01:44Z" user="Chenna2701" uid="3779589">
  <nd ref="4191362942"/>
  <nd ref="1339401384"/>
  <tag k="highway" v="residential"/>
 </way>
 <way id="418919350" visible="true" version="2" changeset="89974036" timestamp="2020-08-26T12:58:09Z" user="v_ravali" uid="11621703">
  <nd ref="7846498723"/>
  <nd ref="4191362939"/>
  <tag k="highway" v="residential"/>
 </way>
 <way id="418919358" visible="true" version="2" changeset="115354151" timestamp="2021-12-25T08:55:37Z" user="BCNorwich" uid="322785">
  <nd ref="4191362944"/>
  <nd ref="4191362945"/>
  <tag k="highway" v="residential"/>
 </way>
 <way id="418919361" visible="true" version="4" changeset="179160740" timestamp="2026-02-28T07:45:33Z" user="snehal12" uid="23778472">
  <nd ref="4191362943"/>
  <nd ref="4191362946"/>
  <nd ref="4191362945"/>
  <nd ref="1339417925"/>
  <nd ref="4191362941"/>
  <tag k="highway" v="residential"/>
 </way>
 <way id="443286779" visible="true" version="5" changeset="181940124" timestamp="2026-04-28T13:07:48Z" user="Vandanagiri" uid="23957201">
  <nd ref="4408996034"/>
  <nd ref="4408996032"/>
  <nd ref="4408996028"/>
  <nd ref="4408996027"/>
  <nd ref="4408996025"/>
  <nd ref="7846498727"/>
  <nd ref="7846498720"/>
  <nd ref="1339244588"/>
  <nd ref="7846498719"/>
  <nd ref="7961185942"/>
  <tag k="highway" v="primary"/>
  <tag k="oneway" v="yes"/>
  <tag k="ref:old" v="NH202"/>
  <tag k="surface" v="asphalt"/>
 </way>
 <way id="758925851" visible="true" version="1" changeset="78924522" timestamp="2019-12-27T12:19:37Z" user="s goud" uid="10593417">
  <nd ref="7088226943"/>
  <nd ref="7088226944"/>
  <nd ref="7088226945"/>
  <nd ref="7088226946"/>
  <nd ref="7088226943"/>
  <tag k="area" v="yes"/>
  <tag k="bus" v="yes"/>
  <tag k="public_transport" v="platform"/>
  <tag k="ref" v="adalath bus stop"/>
 </way>
 <way id="758926886" visible="true" version="1" changeset="78924753" timestamp="2019-12-27T12:25:46Z" user="s goud" uid="10593417">
  <nd ref="7088238056"/>
  <nd ref="7088238057"/>
  <nd ref="7088238058"/>
  <nd ref="7088238059"/>
  <nd ref="7088238056"/>
  <tag k="amenity" v="restaurant"/>
  <tag k="building" v="yes"/>
 </way>
 <way id="758967799" visible="true" version="2" changeset="117094212" timestamp="2022-02-06T20:44:45Z" user="user_11332999" uid="11332999">
  <nd ref="7088811109"/>
  <nd ref="7088811110"/>
  <nd ref="7088811111"/>
  <nd ref="7088811112"/>
  <nd ref="7088811109"/>
  <tag k="amenity" v="fast_food"/>
  <tag k="brand" v="KFC"/>
  <tag k="brand:pa" v="ਕੇਐਫਸੀ"/>
  <tag k="brand:ur" v="کینٹکی فرائیڈ چکن"/>
  <tag k="brand:wikidata" v="Q524757"/>
  <tag k="brand:wikipedia" v="en:KFC"/>
  <tag k="brand:wikipedia:pa" v="ਕੇਐਫਸੀ"/>
  <tag k="brand:wikipedia:ur" v="کینٹکی فرائیڈ چکن"/>
  <tag k="building" v="yes"/>
  <tag k="cuisine" v="chicken"/>
  <tag k="name" v="KFC"/>
  <tag k="name:pa" v="ਕੇਐਫਸੀ"/>
  <tag k="name:ur" v="کینٹکی فرائیڈ چکن"/>
  <tag k="takeaway" v="yes"/>
 </way>
 <way id="797379664" visible="true" version="1" changeset="84261810" timestamp="2020-04-28T11:12:34Z" user="Sjk2" uid="8750904">
  <nd ref="7457522925"/>
  <nd ref="7457522926"/>
  <nd ref="7457522927"/>
  <nd ref="7457522928"/>
  <nd ref="7457522929"/>
  <nd ref="7457522930"/>
  <nd ref="7457522931"/>
  <nd ref="7457522932"/>
  <nd ref="7457522925"/>
  <tag k="building" v="yes"/>
 </way>
 <way id="797379817" visible="true" version="1" changeset="84261881" timestamp="2020-04-28T11:13:39Z" user="Sjk2" uid="8750904">
  <nd ref="7457571339"/>
  <nd ref="7457571340"/>
  <nd ref="7457571341"/>
  <nd ref="7457571342"/>
  <nd ref="7457571339"/>
  <tag k="building" v="yes"/>
 </way>
 <way id="840916494" visible="true" version="9" changeset="181854270" timestamp="2026-04-26T17:06:15Z" user="Vandanagiri" uid="23957201">
  <nd ref="7846498722"/>
  <nd ref="7846525306"/>
  <nd ref="7846525305"/>
  <nd ref="1339395215"/>
  <nd ref="7846525302"/>
  <nd ref="7846525301"/>
  <nd ref="7846525300"/>
  <nd ref="7846525297"/>
  <nd ref="7846525298"/>
  <nd ref="7846525299"/>
  <nd ref="7846577158"/>
  <nd ref="7846577174"/>
  <nd ref="7846577173"/>
  <nd ref="7846579387"/>
  <nd ref="7846577172"/>
  <nd ref="7846577171"/>
  <nd ref="8166360867"/>
  <nd ref="7846577170"/>
  <nd ref="7846577169"/>
  <nd ref="7846579385"/>
  <nd ref="7846577184"/>
  <nd ref="7846577183"/>
  <nd ref="7846577168"/>
  <nd ref="7846577182"/>
  <nd ref="7846577181"/>
  <nd ref="7846577180"/>
  <nd ref="7846577179"/>
  <nd ref="7846577167"/>
  <nd ref="7846577178"/>
  <nd ref="7846577177"/>
  <nd ref="8181647527"/>
  <nd ref="7846577166"/>
  <nd ref="8181647528"/>
  <nd ref="7846577165"/>
  <nd ref="7846577164"/>
  <nd ref="7846577163"/>
  <nd ref="7846577175"/>
  <nd ref="7846577122"/>
  <nd ref="7846577157"/>
  <tag k="highway" v="primary"/>
  <tag k="oneway" v="yes"/>
  <tag k="surface" v="asphalt"/>
 </way>
 <way id="853525362" visible="true" version="9" changeset="171571449" timestamp="2025-09-07T07:59:40Z" user="SharmaNagilla" uid="23255190">
  <nd ref="1339267610"/>
  <nd ref="7961185928"/>
  <nd ref="1339328932"/>
  <nd ref="7961192896"/>
  <nd ref="7961192895"/>
  <nd ref="7961192894"/>
  <nd ref="1507776409"/>
  <nd ref="7961192893"/>
  <nd ref="7961192892"/>
  <nd ref="2842338349"/>
  <nd ref="2842338344"/>
  <nd ref="7961192891"/>
  <nd ref="4104899239"/>
  <nd ref="8163083913"/>
  <nd ref="7961192890"/>
  <nd ref="7961185922"/>
  <nd ref="7961192889"/>
  <nd ref="7961192888"/>
  <nd ref="4104899227"/>
  <nd ref="7961192887"/>
  <nd ref="7961192886"/>
  <nd ref="7961192885"/>
  <nd ref="7961185952"/>
  <nd ref="7961192897"/>
  <nd ref="7961185984"/>
  <nd ref="7961185983"/>
  <nd ref="7961185954"/>
  <nd ref="7961185982"/>
  <nd ref="7961185981"/>
  <nd ref="7961185980"/>
  <nd ref="7961185957"/>
  <nd ref="7961185979"/>
  <nd ref="7961185960"/>
  <nd ref="7961185978"/>
  <nd ref="7961185977"/>
  <nd ref="7961185959"/>
  <nd ref="7961185976"/>
  <nd ref="7961185962"/>
  <nd ref="7961185963"/>
  <nd ref="4273406598"/>
  <nd ref="7961185975"/>
  <nd ref="7961185973"/>
  <nd ref="7961185974"/>
  <nd ref="7961148097"/>
  <nd ref="7961185920"/>
  <nd ref="7961148098"/>
  <nd ref="7961148099"/>
  <nd ref="2434979048"/>
  <nd ref="7961192902"/>
  <nd ref="7961148100"/>
  <nd ref="7961136309"/>
  <nd ref="7961148101"/>
  <nd ref="7961185919"/>
  <nd ref="7961185917"/>
  <nd ref="7961185916"/>
  <nd ref="7961148102"/>
  <nd ref="7961148103"/>
  <nd ref="7961185912"/>
  <nd ref="7961148104"/>
  <nd ref="7961148091"/>
  <nd ref="7961148105"/>
  <nd ref="7961148106"/>
  <nd ref="7961148107"/>
  <nd ref="7961148108"/>
  <nd ref="7961148096"/>
  <nd ref="7961148095"/>
  <nd ref="7961148094"/>
  <nd ref="7961148109"/>
  <nd ref="7961148110"/>
  <nd ref="7961148111"/>
  <nd ref="7961148112"/>
  <nd ref="7961148113"/>
  <nd ref="7961148114"/>
  <nd ref="7961136383"/>
  <nd ref="7961098625"/>
  <nd ref="7961098626"/>
  <nd ref="7961098598"/>
  <nd ref="7961098599"/>
  <nd ref="7961098627"/>
  <nd ref="7961098621"/>
  <nd ref="7961098628"/>
  <nd ref="7961079878"/>
  <nd ref="7961098629"/>
  <nd ref="7961098593"/>
  <nd ref="7961098591"/>
  <nd ref="7961098630"/>
  <nd ref="7961098595"/>
  <nd ref="7961079883"/>
  <nd ref="7961098619"/>
  <nd ref="7961098631"/>
  <nd ref="7961098632"/>
  <nd ref="7961098618"/>
  <nd ref="7961098633"/>
  <nd ref="7961098607"/>
  <nd ref="7961098597"/>
  <nd ref="7961098634"/>
  <nd ref="7961098617"/>
  <nd ref="7961098635"/>
  <nd ref="7961098636"/>
  <nd ref="7961098638"/>
  <nd ref="7961098637"/>
  <nd ref="7961098616"/>
  <nd ref="7961098667"/>
  <nd ref="7961098666"/>
  <nd ref="7961098676"/>
  <nd ref="7961098639"/>
  <nd ref="7961098677"/>
  <nd ref="7961098678"/>
  <nd ref="7961098679"/>
  <nd ref="9817482285"/>
  <nd ref="7961098680"/>
  <nd ref="7961098681"/>
  <nd ref="7961098682"/>
  <nd ref="7961098683"/>
  <nd ref="7961098684"/>
  <nd ref="7961098806"/>
  <nd ref="7961098686"/>
  <tag k="highway" v="secondary"/>
  <tag k="name" v="Hunter Road"/>
  <tag k="name:te" v="హంటర్ రోడ్"/>
  <tag k="oneway" v="yes"/>
  <tag k="surface" v="asphalt"/>
 </way>
 <way id="853536516" visible="true" version="3" changeset="181940124" timestamp="2026-04-28T13:07:54Z" user="Vandanagiri" uid="23957201">
  <nd ref="1339328921"/>
  <nd ref="7961185933"/>
  <nd ref="7846498726"/>
  <nd ref="4191362941"/>
  <nd ref="4191362943"/>
  <nd ref="1339415583"/>
  <tag k="highway" v="primary"/>
  <tag k="oneway" v="yes"/>
  <tag k="ref:old" v="NH202"/>
  <tag k="source" v="GPS"/>
  <tag k="surface" v="asphalt"/>
 </way>
 <way id="853536517" visible="true" version="4" changeset="181940124" timestamp="2026-04-28T13:08:27Z" user="Vandanagiri" uid="23957201">
  <nd ref="7846498717"/>
  <nd ref="7846498716"/>
  <nd ref="11409914797"/>
  <nd ref="7846498724"/>
  <nd ref="7846498723"/>
  <nd ref="7846498722"/>
  <tag k="highway" v="primary"/>
  <tag k="oneway" v="yes"/>
  <tag k="ref:old" v="NH202"/>
  <tag k="surface" v="asphalt"/>
 </way>
 <way id="853536518" visible="true" version="5" changeset="181940124" timestamp="2026-04-28T13:08:00Z" user="Vandanagiri" uid="23957201">
  <nd ref="7961185950"/>
  <nd ref="7961185923"/>
  <nd ref="7961185926"/>
  <nd ref="7961185931"/>
  <nd ref="7961185934"/>
  <nd ref="7961185935"/>
  <nd ref="7961185936"/>
  <nd ref="7961185937"/>
  <nd ref="7961185925"/>
  <nd ref="7961185938"/>
  <nd ref="7961185939"/>
  <nd ref="7961185940"/>
  <nd ref="1339328921"/>
  <nd ref="7961185949"/>
  <nd ref="7961185941"/>
  <nd ref="7961185942"/>
  <nd ref="1339267610"/>
  <nd ref="7961185943"/>
  <nd ref="7961185944"/>
  <nd ref="7961185932"/>
  <nd ref="7961185945"/>
  <nd ref="7961185946"/>
  <nd ref="7961185947"/>
  <nd ref="7846498717"/>
  <nd ref="7961185927"/>
  <nd ref="7961185948"/>
  <nd ref="7961185950"/>
  <tag k="highway" v="primary"/>
  <tag k="junction" v="roundabout"/>
  <tag k="name" v="Adalat Circle"/>
  <tag k="ref:old" v="NH202"/>
  <tag k="surface" v="asphalt"/>
 </way>
 <way id="1230352778" visible="true" version="1" changeset="145006054" timestamp="2023-12-11T16:18:23Z" user="syedk" uid="19820024">
  <nd ref="11409914797"/>
  <nd ref="11409914798"/>
  <tag k="highway" v="residential"/>
 </way>
 <way id="1465476445" visible="true" version="1" changeset="177007244" timestamp="2026-01-09T02:15:05Z" user="SpaciousCartographer78" uid="23507645">
  <nd ref="13440832883"/>
  <nd ref="13440832879"/>
  <nd ref="13440832874"/>
  <nd ref="13440832884"/>
  <nd ref="13440832883"/>
  <tag k="building" v="yes"/>
 </way>
 <relation id="336372" visible="true" version="207" changeset="186671414" timestamp="2026-07-30T22:00:12Z" user="vemula saipranav" uid="24362897">
  <member type="way" ref="436397575" role="forward"/>
  <member type="way" ref="436397579" role="forward"/>
  <member type="way" ref="436397568" role="forward"/>
  <member type="way" ref="436397572" role="forward"/>
  <member type="way" ref="436397573" role="forward"/>
  <member type="way" ref="436397571" role="forward"/>
  <member type="way" ref="310184774" role="forward"/>
  <member type="way" ref="436397569" role="forward"/>
  <member type="way" ref="436397574" role="forward"/>
  <member type="way" ref="1150086408" role="forward"/>
  <member type="way" ref="436397576" role="forward"/>
  <member type="way" ref="1240103685" role=""/>
  <member type="way" ref="1298056282" role=""/>
  <member type="way" ref="22839658" role=""/>
  <member type="way" ref="1240073874" role=""/>
  <member type="way" ref="1240073873" role=""/>
  <member type="way" ref="207811939" role="forward"/>
  <member type="way" ref="207811940" role="forward"/>
  <member type="way" ref="207811938" role="forward"/>
  <member type="way" ref="435454112" role="forward"/>
  <member type="way" ref="435454110" role="forward"/>
  <member type="way" ref="1148122210" role="forward"/>
  <member type="way" ref="1371979140" role="forward"/>
  <member type="way" ref="1371979139" role="forward"/>
  <member type="way" ref="1371979119" role="forward"/>
  <member type="way" ref="1287948062" role="forward"/>
  <member type="way" ref="1371979124" role="forward"/>
  <member type="way" ref="1371979127" role="forward"/>
  <member type="way" ref="1371979128" role="forward"/>
  <member type="way" ref="1371979135" role="forward"/>
  <member type="way" ref="1371979136" role="forward"/>
  <member type="way" ref="1371979132" role="forward"/>
  <member type="way" ref="1371979133" role="forward"/>
  <member type="way" ref="311357323" role="forward"/>
  <member type="way" ref="1275228940" role="forward"/>
  <member type="way" ref="829678014" role="forward"/>
  <member type="way" ref="377322783" role="forward"/>
  <member type="way" ref="240820775" role="forward"/>
  <member type="way" ref="28095680" role="forward"/>
  <member type="way" ref="28095681" role="forward"/>
  <member type="way" ref="435454114" role="forward"/>
  <member type="way" ref="435454109" role="forward"/>
  <member type="way" ref="1236541109" role="forward"/>
  <member type="way" ref="435454107" role="forward"/>
  <member type="way" ref="1371979138" role="forward"/>
  <member type="way" ref="1371979137" role="forward"/>
  <member type="way" ref="1371979118" role="forward"/>
  <member type="way" ref="1288661339" role="forward"/>
  <member type="way" ref="1371979123" role="forward"/>
  <member type="way" ref="1371979125" role="forward"/>
  <member type="way" ref="1371979126" role="forward"/>
  <member type="way" ref="1148123331" role="forward"/>
  <member type="way" ref="1371979134" role="forward"/>
  <member type="way" ref="1371979130" role="forward"/>
  <member type="way" ref="1371979131" role="forward"/>
  <member type="way" ref="312539650" role="forward"/>
  <member type="way" ref="22831055" role="forward"/>
  <member type="way" ref="1546133071" role="forward"/>
  <member type="way" ref="377322781" role="forward"/>
  <member type="way" ref="45036661" role="forward"/>
  <member type="way" ref="45037003" role="forward"/>
  <member type="way" ref="252609283" role="forward"/>
  <member type="way" ref="253020028" role="forward"/>
  <member type="way" ref="1275162405" role="forward"/>
  <member type="way" ref="1232606194" role="forward"/>
  <member type="way" ref="1238016132" role="forward"/>
  <member type="way" ref="314512061" role="forward"/>
  <member type="way" ref="311132298" role="forward"/>
  <member type="way" ref="253020029" role="forward"/>
  <member type="way" ref="311132645" role="forward"/>
  <member type="way" ref="311132780" role="forward"/>
  <member type="way" ref="311132282" role="forward"/>
  <member type="way" ref="311132794" role="forward"/>
  <member type="way" ref="1208974174" role="forward"/>
  <member type="way" ref="45036687" role="forward"/>
  <member type="way" ref="1303818757" role="forward"/>
  <member type="way" ref="528386734" role="forward"/>
  <member type="way" ref="253055794" role="forward"/>
  <member type="way" ref="253055790" role="forward"/>
  <member type="way" ref="253055791" role="forward"/>
  <member type="way" ref="1201387968" role="forward"/>
  <member type="way" ref="253055796" role="forward"/>
  <member type="way" ref="1201387970" role="forward"/>
  <member type="way" ref="253055798" role="forward"/>
  <member type="way" ref="253055800" role="forward"/>
  <member type="way" ref="253055801" role="forward"/>
  <member type="way" ref="253030751" role="forward"/>
  <member type="way" ref="253055806" role="forward"/>
  <member type="way" ref="253043381" role="forward"/>
  <member type="way" ref="253282271" role="forward"/>
  <member type="way" ref="815917769" role="forward"/>
  <member type="way" ref="815917767" role="forward"/>
  <member type="way" ref="253284631" role="forward"/>
  <member type="way" ref="311133889" role="forward"/>
  <member type="way" ref="311134375" role="forward"/>
  <member type="way" ref="253284633" role="forward"/>
  <member type="way" ref="815917770" role="forward"/>
  <member type="way" ref="587723129" role="forward"/>
  <member type="way" ref="587723128" role="forward"/>
  <member type="way" ref="253285293" role="forward"/>
  <member type="way" ref="253285292" role="forward"/>
  <member type="way" ref="253285295" role="forward"/>
  <member type="way" ref="253285294" role="forward"/>
  <member type="way" ref="815917774" role="forward"/>
  <member type="way" ref="255928113" role="forward"/>
  <member type="way" ref="255928114" role="forward"/>
  <member type="way" ref="356297053" role="forward"/>
  <member type="way" ref="255951174" role="forward"/>
  <member type="way" ref="255951178" role="forward"/>
  <member type="way" ref="371914286" role="forward"/>
  <member type="way" ref="255951175" role="forward"/>
  <member type="way" ref="234444926" role="forward"/>
  <member type="way" ref="443450330" role="link"/>
  <member type="way" ref="443450328" role="forward"/>
  <member type="way" ref="443450323" role="forward"/>
  <member type="way" ref="1288341620" role="forward"/>
  <member type="way" ref="1288341618" role="forward"/>
  <member type="way" ref="255951192" role="forward"/>
  <member type="way" ref="253282272" role="forward"/>
  <member type="way" ref="588413584" role="forward"/>
  <member type="way" ref="255949038" role="forward"/>
  <member type="way" ref="255951180" role="forward"/>
  <member type="way" ref="255951179" role="forward"/>
  <member type="way" ref="255951176" role="forward"/>
  <member type="way" ref="255928115" role="forward"/>
  <member type="way" ref="815917775" role="forward"/>
  <member type="way" ref="255928116" role="forward"/>
  <member type="way" ref="255925656" role="forward"/>
  <member type="way" ref="255925657" role="forward"/>
  <member type="way" ref="253285296" role="forward"/>
  <member type="way" ref="253285297" role="forward"/>
  <member type="way" ref="587723131" role="forward"/>
  <member type="way" ref="587723130" role="forward"/>
  <member type="way" ref="815917771" role="forward"/>
  <member type="way" ref="253284634" role="forward"/>
  <member type="way" ref="311134377" role="forward"/>
  <member type="way" ref="311134033" role="forward"/>
  <member type="way" ref="815917768" role="forward"/>
  <member type="way" ref="815917766" role="forward"/>
  <member type="way" ref="253284632" role="forward"/>
  <member type="way" ref="253043383" role="forward"/>
  <member type="way" ref="253043384" role="forward"/>
  <member type="way" ref="253055807" role="forward"/>
  <member type="way" ref="253055804" role="forward"/>
  <member type="way" ref="253055803" role="forward"/>
  <member type="way" ref="253055802" role="forward"/>
  <member type="way" ref="1201387971" role="forward"/>
  <member type="way" ref="253055799" role="forward"/>
  <member type="way" ref="1201387969" role="forward"/>
  <member type="way" ref="253055797" role="forward"/>
  <member type="way" ref="253055792" role="forward"/>
  <member type="way" ref="253055793" role="forward"/>
  <member type="way" ref="253055795" role="forward"/>
  <member type="way" ref="1303818758" role="forward"/>
  <member type="way" ref="528386732" role="forward"/>
  <member type="way" ref="1208974173" role="forward"/>
  <member type="way" ref="45035676" role="forward"/>
  <member type="way" ref="311132725" role="forward"/>
  <member type="way" ref="311132660" role="forward"/>
  <member type="way" ref="311132629" role="forward"/>
  <member type="way" ref="252619674" role="forward"/>
  <member type="way" ref="311132302" role="forward"/>
  <member type="way" ref="314512065" role="forward"/>
  <member type="way" ref="1221500104" role="forward"/>
  <member type="way" ref="1275171266" role="forward"/>
  <member type="way" ref="314512063" role="forward"/>
  <member type="way" ref="252619672" role="forward"/>
  <member type="way" ref="252619670" role="forward"/>
  <member type="way" ref="45036988" role="forward"/>
  <member type="way" ref="1546133077" role="forward"/>
  <member type="way" ref="45037012" role="forward"/>
  <member type="way" ref="1546133070" role="forward"/>
  <member type="way" ref="377648574" role=""/>
  <member type="way" ref="443450325" role="forward"/>
  <member type="way" ref="377648573" role="forward"/>
  <member type="way" ref="845004720" role="forward"/>
  <member type="way" ref="713275156" role=""/>
  <member type="way" ref="1288029798" role=""/>
  <member type="way" ref="713275155" role=""/>
  <member type="way" ref="1288029797" role=""/>
  <member type="way" ref="845004719" role="forward"/>
  <member type="way" ref="377648572" role="forward"/>
  <member type="way" ref="443450324" role="forward"/>
  <member type="way" ref="673610764" role=""/>
  <member type="way" ref="673610766" role=""/>
  <member type="way" ref="673610769" role=""/>
  <member type="way" ref="980897088" role=""/>
  <member type="way" ref="980897084" role=""/>
  <member type="way" ref="980897085" role=""/>
  <member type="way" ref="263689086" role=""/>
  <member type="way" ref="263689085" role=""/>
  <member type="way" ref="673610770" role=""/>
  <member type="way" ref="876417634" role=""/>
  <member type="way" ref="876417635" role=""/>
  <member type="way" ref="876469985" role=""/>
  <member type="way" ref="876469986" role=""/>
  <member type="way" ref="876456538" role=""/>
  <member type="way" ref="876456539" role=""/>
  <member type="way" ref="288004041" role=""/>
  <member type="way" ref="641326647" role=""/>
  <member type="way" ref="878174497" role=""/>
  <member type="way" ref="878174496" role=""/>
  <member type="way" ref="641326648" role=""/>
  <member type="way" ref="1299100640" role="forward"/>
  <member type="way" ref="288004044" role="forward"/>
  <member type="way" ref="288004043" role="forward"/>
  <member type="way" ref="288004042" role="forward"/>
  <member type="way" ref="1299100650" role="forward"/>
  <member type="way" ref="1299100658" role="forward"/>
  <member type="way" ref="1299100655" role="forward"/>
  <member type="way" ref="1299100656" role="forward"/>
  <member type="way" ref="1299100669" role="forward"/>
  <member type="way" ref="1299100674" role="forward"/>
  <member type="way" ref="1299100667" role="forward"/>
  <member type="way" ref="1299100679" role="forward"/>
  <member type="way" ref="1299100680" role="forward"/>
  <member type="way" ref="1299100688" role="forward"/>
  <member type="way" ref="1299100686" role="forward"/>
  <member type="way" ref="815749746" role="forward"/>
  <member type="way" ref="1299100689" role="forward"/>
  <member type="way" ref="1299100697" role="forward"/>
  <member type="way" ref="1299100698" role="forward"/>
  <member type="way" ref="1299100704" role="forward"/>
  <member type="way" ref="1299100706" role="forward"/>
  <member type="way" ref="1299100707" role="forward"/>
  <member type="way" ref="1299100709" role="forward"/>
  <member type="way" ref="1299100700" role="forward"/>
  <member type="way" ref="1299100701" role="forward"/>
  <member type="way" ref="1299100696" role="forward"/>
  <member type="way" ref="1299100690" role="forward"/>
  <member type="way" ref="815749743" role="forward"/>
  <member type="way" ref="1299100687" role="forward"/>
  <member type="way" ref="815749744" role="forward"/>
  <member type="way" ref="1299100684" role="forward"/>
  <member type="way" ref="1299100685" role="forward"/>
  <member type="way" ref="1299100668" role="forward"/>
  <member type="way" ref="1299100673" role="forward"/>
  <member type="way" ref="1299100670" role="forward"/>
  <member type="way" ref="1299100664" role="forward"/>
  <member type="way" ref="1299100681" role=""/>
  <member type="way" ref="1299100657" role="forward"/>
  <member type="way" ref="1299100653" role="forward"/>
  <member type="way" ref="1299100660" role="forward"/>
  <member type="way" ref="1299100654" role="forward"/>
  <member type="way" ref="1299100649" role="forward"/>
  <member type="way" ref="288004040" role="forward"/>
  <member type="way" ref="263521715" role="forward"/>
  <member type="way" ref="263521716" role="forward"/>
  <member type="way" ref="1299100639" role="forward"/>
  <member type="way" ref="1221922807" role=""/>
  <member type="way" ref="878174498" role=""/>
  <member type="way" ref="799081136" role=""/>
  <member type="way" ref="240820777" role=""/>
  <member type="way" ref="288003546" role=""/>
  <member type="way" ref="51774353" role="forward"/>
  <member type="way" ref="288003547" role="forward"/>
  <member type="way" ref="815525360" role=""/>
  <member type="way" ref="1098674596" role=""/>
  <member type="way" ref="255956405" role=""/>
  <member type="way" ref="443450335" role="forward"/>
  <member type="way" ref="713275142" role="forward"/>
  <member type="way" ref="1298033277" role="forward"/>
  <member type="way" ref="1298033275" role="forward"/>
  <member type="way" ref="1298911155" role="forward"/>
  <member type="way" ref="1298911156" role="forward"/>
  <member type="way" ref="1298911125" role="forward"/>
  <member type="way" ref="1298036183" role="forward"/>
  <member type="way" ref="1298911145" role="link"/>
  <member type="way" ref="1298911138" role="link"/>
  <member type="way" ref="1298911126" role="forward"/>
  <member type="way" ref="1298911154" role="forward"/>
  <member type="way" ref="1298911153" role="forward"/>
  <member type="way" ref="815509079" role="forward"/>
  <member type="way" ref="815509080" role="forward"/>
  <member type="way" ref="1298935836" role="forward"/>
  <member type="way" ref="443450334" role="forward"/>
  <member type="way" ref="1298911139" role="forward"/>
  <member type="way" ref="1298911137" role="forward"/>
  <member type="way" ref="1298911140" role="forward"/>
  <member type="way" ref="1300416305" role=""/>
  <member type="way" ref="1300416306" role=""/>
  <member type="way" ref="288002559" role="forward"/>
  <member type="way" ref="288002561" role="forward"/>
  <member type="way" ref="840283190" role=""/>
  <member type="way" ref="1298911106" role=""/>
  <member type="way" ref="1298911098" role=""/>
  <member type="way" ref="1300412717" role=""/>
  <member type="way" ref="1300412718" role=""/>
  <member type="way" ref="1298911100" role="link"/>
  <member type="way" ref="1298911102" role="link"/>
  <member type="way" ref="1298031406" role="forward"/>
  <member type="way" ref="774638093" role="forward"/>
  <member type="way" ref="1298911109" role="forward"/>
  <member type="way" ref="1298911108" role="forward"/>
  <member type="way" ref="1298911117" role="forward"/>
  <member type="way" ref="1298911116" role="forward"/>
  <member type="way" ref="1298911118" role="forward"/>
  <member type="way" ref="1298911123" role="forward"/>
  <member type="way" ref="1298935834" role="forward"/>
  <member type="way" ref="1298911130" role="forward"/>
  <member type="way" ref="1298036180" role="forward"/>
  <member type="way" ref="1298911136" role="forward"/>
  <member type="way" ref="1298911132" role="forward"/>
  <member type="way" ref="1298911128" role="forward"/>
  <member type="way" ref="1298911133" role="forward"/>
  <member type="way" ref="1298911120" role="forward"/>
  <member type="way" ref="1298935835" role="forward"/>
  <member type="way" ref="1298911121" role="forward"/>
  <member type="way" ref="1298911119" role="forward"/>
  <member type="way" ref="1298911114" role="forward"/>
  <member type="way" ref="1298911115" role="forward"/>
  <member type="way" ref="1298911110" role="forward"/>
  <member type="way" ref="1298911111" role="forward"/>
  <member type="way" ref="1298911099" role="forward"/>
  <member type="way" ref="288002567" role=""/>
  <member type="way" ref="288002568" role="forward"/>
  <member type="way" ref="288002563" role="forward"/>
  <member type="way" ref="288002566" role=""/>
  <member type="way" ref="203341899" role=""/>
  <member type="way" ref="815525362" role=""/>
  <member type="way" ref="1288253822" role="forward"/>
  <member type="way" ref="1288253825" role="forward"/>
  <member type="way" ref="1299081275" role="forward"/>
  <member type="way" ref="1299081271" role="forward"/>
  <member type="way" ref="799081137" role="forward"/>
  <member type="way" ref="1299081260" role="forward"/>
  <member type="way" ref="1288249295" role="forward"/>
  <member type="way" ref="1299081258" role="forward"/>
  <member type="way" ref="1288249293" role=""/>
  <member type="way" ref="288003359" role="forward"/>
  <member type="way" ref="288003356" role="forward"/>
  <member type="way" ref="1299081257" role="forward"/>
  <member type="way" ref="1288249292" role="forward"/>
  <member type="way" ref="1300417708" role=""/>
  <member type="way" ref="1299081282" role="forward"/>
  <member type="way" ref="1299081280" role="forward"/>
  <member type="way" ref="1288253823" role="forward"/>
  <member type="way" ref="1299081274" role="forward"/>
  <member type="way" ref="1299081273" role="forward"/>
  <member type="way" ref="799081135" role="forward"/>
  <member type="way" ref="1299081263" role="forward"/>
  <member type="way" ref="1299081253" role="link"/>
  <member type="way" ref="1288249291" role="link"/>
  <member type="way" ref="288003357" role=""/>
  <member type="way" ref="168109182" role=""/>
  <member type="way" ref="840922732" role=""/>
  <member type="way" ref="168109181" role=""/>
  <member type="way" ref="1111030173" role=""/>
  <member type="way" ref="673610765" role=""/>
  <member type="way" ref="840922733" role=""/>
  <member type="way" ref="881325101" role=""/>
  <member type="way" ref="881325100" role=""/>
  <member type="way" ref="840916494" role=""/>
  <member type="way" ref="853536517" role="forward"/>
  <member type="way" ref="101825014" role=""/>
  <member type="way" ref="853536518" role=""/>
  <member type="way" ref="853536516" role=""/>
  <member type="way" ref="443286963" role="forward"/>
  <member type="way" ref="443447816" role="forward"/>
  <member type="way" ref="443286787" role="forward"/>
  <member type="way" ref="443286964" role="forward"/>
  <member type="way" ref="443286786" role="forward"/>
  <member type="way" ref="443286779" role="forward"/>
  <member type="way" ref="840881196" role=""/>
  <member type="way" ref="840881197" role=""/>
  <member type="way" ref="101825005" role=""/>
  <member type="way" ref="840877814" role=""/>
  <member type="way" ref="840877816" role=""/>
  <member type="way" ref="840877817" role=""/>
  <member type="way" ref="883150498" role=""/>
  <member type="way" ref="443230661" role="forward"/>
  <member type="way" ref="443230580" role="forward"/>
  <member type="way" ref="443230620" role="forward"/>
  <member type="way" ref="443230583" role="link"/>
  <member type="way" ref="1213519166" role="forward"/>
  <member type="way" ref="443230573" role="forward"/>
  <member type="way" ref="1118841343" role="forward"/>
  <member type="way" ref="443230612" role="forward"/>
  <member type="way" ref="443230627" role="forward"/>
  <member type="way" ref="835280551" role="forward"/>
  <member type="way" ref="835280550" role="forward"/>
  <member type="way" ref="443282345" role="forward"/>
  <member type="way" ref="443282350" role="forward"/>
  <member type="way" ref="443282347" role="forward"/>
  <member type="way" ref="443282352" role="forward"/>
  <member type="way" ref="443447814" role="forward"/>
  <member type="way" ref="443230602" role="link"/>
  <member type="way" ref="443447815" role="link"/>
  <member type="way" ref="1205389432" role="forward"/>
  <member type="way" ref="1209925754" role="forward"/>
  <member type="way" ref="1213519165" role="forward"/>
  <member type="way" ref="443230587" role="forward"/>
  <member type="way" ref="443230598" role="forward"/>
  <member type="way" ref="443230623" role="forward"/>
  <member type="way" ref="443230557" role=""/>
  <member type="way" ref="443230554" role=""/>
  <member type="way" ref="443230595" role=""/>
  <member type="way" ref="443282346" role="forward"/>
  <member type="way" ref="443282353" role="link"/>
  <member type="way" ref="443447817" role="forward"/>
  <member type="way" ref="443230658" role="link"/>
  <member type="way" ref="101824979" role=""/>
  <member type="way" ref="197392243" role=""/>
  <member type="way" ref="197392244" role=""/>
  <member type="way" ref="1103714312" role=""/>
  <member type="way" ref="881841259" role=""/>
  <member type="way" ref="881841258" role=""/>
  <member type="way" ref="240820774" role=""/>
  <member type="way" ref="197530605" role=""/>
  <member type="way" ref="980897083" role=""/>
  <member type="way" ref="1345139823" role=""/>
  <member type="way" ref="240829298" role=""/>
  <member type="way" ref="240829302" role=""/>
  <member type="way" ref="240829306" role=""/>
  <member type="way" ref="240829301" role=""/>
  <member type="way" ref="240829304" role=""/>
  <member type="way" ref="240829303" role=""/>
  <member type="way" ref="171885795" role=""/>
  <member type="way" ref="171885801" role=""/>
  <member type="way" ref="171885796" role=""/>
  <member type="way" ref="615558223" role=""/>
  <member type="way" ref="615558224" role=""/>
  <member type="way" ref="171885798" role=""/>
  <member type="way" ref="171889611" role=""/>
  <member type="way" ref="171889607" role=""/>
  <member type="way" ref="171889608" role=""/>
  <member type="way" ref="171889609" role=""/>
  <member type="way" ref="882769633" role=""/>
  <member type="way" ref="882769632" role=""/>
  <member type="way" ref="1374154063" role=""/>
  <member type="way" ref="1374154064" role=""/>
  <member type="way" ref="321786344" role=""/>
  <member type="way" ref="321786345" role=""/>
  <member type="way" ref="22831377" role=""/>
  <member type="way" ref="235881752" role=""/>
  <member type="way" ref="235881751" role=""/>
  <member type="way" ref="171901030" role=""/>
  <member type="way" ref="171901029" role=""/>
  <member type="way" ref="197530607" role=""/>
  <member type="way" ref="881841254" role=""/>
  <member type="way" ref="881841255" role=""/>
  <member type="way" ref="881841256" role=""/>
  <member type="way" ref="135954263" role=""/>
  <member type="way" ref="620984314" role=""/>
  <member type="way" ref="620984313" role=""/>
  <member type="way" ref="620984558" role=""/>
  <member type="way" ref="620984557" role=""/>
  <member type="way" ref="620984569" role=""/>
  <member type="way" ref="620984568" role=""/>
  <member type="way" ref="158553707" role=""/>
  <member type="way" ref="620984583" role=""/>
  <member type="way" ref="158553694" role=""/>
  <member type="way" ref="620984578" role=""/>
  <member type="way" ref="620984577" role=""/>
  <member type="way" ref="240829300" role=""/>
  <member type="way" ref="240829305" role=""/>
  <member type="way" ref="619398587" role=""/>
  <member type="way" ref="619398586" role=""/>
  <member type="way" ref="619398607" role=""/>
  <member type="way" ref="619398605" role=""/>
  <member type="way" ref="205595671" role=""/>
  <member type="way" ref="608696383" role=""/>
  <member type="way" ref="608696382" role=""/>
  <member type="way" ref="205595672" role=""/>
  <member type="way" ref="158553709" role=""/>
  <member type="way" ref="1394114312" role=""/>
  <member type="way" ref="608394833" role=""/>
  <member type="way" ref="608394832" role=""/>
  <member type="way" ref="135954260" role=""/>
  <member type="way" ref="135954262" role=""/>
  <member type="way" ref="158542683" role=""/>
  <member type="way" ref="158542685" role=""/>
  <member type="way" ref="443230616" role="link"/>
  <member type="way" ref="443230608" role="link"/>
  <member type="way" ref="443286772" role="link"/>
  <member type="way" ref="443286778" role="link"/>
  <member type="way" ref="1298911131" role="link"/>
  <member type="way" ref="1300414305" role=""/>
  <member type="way" ref="1298036184" role=""/>
  <member type="way" ref="1298911160" role="link"/>
  <member type="way" ref="1299081283" role="link"/>
  <member type="way" ref="1300418751" role=""/>
  <member type="way" ref="1299081284" role="link"/>
  <member type="way" ref="1299100708" role="link"/>
  <member type="way" ref="1300420523" role=""/>
  <member type="way" ref="1298911107" role=""/>
  <member type="way" ref="829678014" role=""/>
  <tag k="description" v="links Hyderabad in Andhra Pradesh and Bhopalpatnam in Chattisgarh"/>
  <tag k="name" v="Old National Highway 202"/>
  <tag k="network" v="IN:NH"/>
  <tag k="ref:old" v="NH202"/>
  <tag k="route" v="road"/>
  <tag k="type" v="route"/>
 </relation>
 <relation id="6157863" visible="true" version="1" changeset="38748035" timestamp="2016-04-21T07:01:46Z" user="anushap" uid="2901769">
  <member type="way" ref="412330655" role="outer"/>
  <member type="way" ref="412330654" role="inner"/>
  <tag k="building" v="yes"/>
  <tag k="type" v="multipolygon"/>
 </relation>
 <relation id="6158075" visible="true" version="1" changeset="38751645" timestamp="2016-04-21T09:09:07Z" user="anushap" uid="2901769">
  <member type="way" ref="412369379" role="outer"/>
  <member type="way" ref="412369382" role="inner"/>
  <tag k="building" v="yes"/>
  <tag k="type" v="multipolygon"/>
 </relation>
 <relation id="6158076" visible="true" version="1" changeset="38751645" timestamp="2016-04-21T09:09:07Z" user="anushap" uid="2901769">
  <member type="way" ref="412369384" role="outer"/>
  <member type="way" ref="412369380" role="inner"/>
  <tag k="building" v="yes"/>
  <tag k="type" v="multipolygon"/>
 </relation>
</osm>
